station,valid,tmpf,dwpf,relh,drct,sknt,p01i,alti,vsby,feel
4A6,2/4/16 19:15,46.4,23,39.36,320,12,0,30.19,10,40.33
8A0,2/4/16 19:15,44.6,32,61.03,350,9,0,30.17,10,39.18
8A0,2/4/16 19:35,44.6,32,61.03,360,12,0,30.17,10,38.04
4A6,2/4/16 19:35,46.4,23,39.36,350,8,0,30.2,10,41.85
4A6,2/4/16 19:55,46.4,24.8,42.44,340,7,0,30.19,10,42.33
8A0,2/4/16 19:55,44.6,32,61.03,350,10,0,30.17,10,38.77
4A6,2/4/16 20:15,46.4,24.8,42.44,360,8,0,30.19,10,41.85
8A0,2/4/16 20:15,44.6,32,61.03,340,8,0,30.16,10,39.63
8A0,2/4/16 20:35,44.6,32,61.03,320,9,0,30.16,10,39.18
4A6,2/4/16 20:35,46.4,23,39.36,340,8,0,30.19,10,41.85
4A6,2/4/16 20:55,46.4,23,39.36,360,13,0,30.19,10,40.02
8A0,2/4/16 20:55,44.6,32,61.03,330,12,0,30.17,10,38.04
4A6,2/4/16 21:15,46.4,23,39.36,20,10,0,30.2,10,41.03
8A0,2/4/16 21:15,44.6,32,61.03,300,10,0,30.17,10,38.77
8A0,2/4/16 21:35,44.6,32,61.03,340,13,0,30.18,10,37.71
4A6,2/4/16 21:35,46.4,23,39.36,340,8,0,30.21,10,41.85
8A0,2/4/16 21:55,42.8,32,65.38,330,9,0,30.18,10,36.94
4A6,2/4/16 21:55,46.4,23,39.36,350,8,0,30.21,10,41.85
4A6,2/4/16 22:15,44.6,23,42.14,360,9,0,30.21,10,39.18
8A0,2/4/16 22:15,42.8,32,65.38,330,13,0,30.19,10,35.4
4A6,2/4/16 22:35,44.6,23,42.14,360,7,0,30.22,10,40.14
8A0,2/4/16 22:35,42.8,32,65.38,320,11,0,30.19,10,36.11
4A6,2/4/16 22:55,42.8,23,45.14,350,10,0,30.23,10,36.51
8A0,2/4/16 22:55,41,30.2,65.16,320,11,0,30.2,10,33.84
4A6,2/4/16 23:15,41,23,48.39,360,9,0,30.24,10,34.7
8A0,2/4/16 23:15,41,30.2,65.16,320,11,0,30.21,10,33.84
8A0,2/4/16 23:35,41,30.2,65.16,320,8,0,30.23,10,35.2
4A6,2/4/16 23:35,41,21.2,44.85,360,6,0,30.25,10,36.37
4A6,2/4/16 23:55,41,21.2,44.85,350,7,0,30.27,10,35.75
8A0,2/4/16 23:55,39.2,30.2,69.88,310,7,0,30.23,10,33.56
4A6,2/5/16 0:15,39.2,21.2,48.1,350,7,0,30.28,10,33.56
8A0,2/5/16 0:15,37.4,30.2,74.98,330,6,0,30.25,10,32.03
4A6,2/5/16 0:35,39.2,21.2,48.1,360,3,0,30.29,10,36.92
8A0,2/5/16 0:35,37.4,28.4,69.67,330,5,0,30.25,10,32.81
4A6,2/5/16 0:55,39.2,21.2,48.1,360,4,0,30.3,10,35.83
8A0,2/5/16 0:55,37.4,28.4,69.67,330,9,0,30.26,10,30.23
4A6,2/5/16 1:15,37.4,23,55.68,0,0,0,30.3,10,37.4
8A0,2/5/16 1:15,37.4,28.4,69.67,330,8,0,30.26,10,30.76
8A0,2/5/16 1:35,37.4,28.4,69.67,320,6,0,30.27,10,32.03
4A6,2/5/16 1:35,37.4,21.2,51.61,360,4,0,30.31,10,33.73
8A0,2/5/16 1:55,37.4,28.4,69.67,320,6,0,30.28,10,32.03
4A6,2/5/16 1:55,35.6,23,59.79,350,4,0,30.32,10,31.62
4A6,2/5/16 2:15,35.6,23,59.79,360,5,0,30.33,10,30.67
8A0,2/5/16 2:15,37.4,28.4,69.67,310,6,0,30.29,10,32.03
4A6,2/5/16 2:35,37.4,19.4,47.8,350,5,0,30.34,10,32.81
8A0,2/5/16 2:35,35.6,28.4,74.8,320,6,0,30.3,10,29.87
8A0,2/5/16 2:55,35.6,26.6,69.46,320,9,0,30.3,10,27.99
4A6,2/5/16 2:55,37.4,19.4,47.8,360,6,0,30.35,10,32.03
4A6,2/5/16 3:15,37.4,19.4,47.8,360,7,0,30.35,10,31.36
8A0,2/5/16 3:15,35.6,26.6,69.46,320,8,0,30.31,10,28.55
4A6,2/5/16 3:35,35.6,19.4,51.33,360,6,0,30.36,10,29.87
8A0,2/5/16 3:35,35.6,26.6,69.46,330,9,0,30.32,10,27.99
4A6,2/5/16 3:55,35.6,19.4,51.33,350,4,0,30.36,10,31.62
8A0,2/5/16 3:55,35.6,24.8,64.46,340,13,0,30.33,10,26.18
8A0,2/5/16 4:15,35.6,26.6,69.46,330,13,0,30.33,10,26.18
4A6,2/5/16 4:15,35.6,19.4,51.33,340,3,0,30.37,10,32.8
4A6,2/5/16 4:35,35.6,19.4,51.33,350,5,0,30.37,10,30.67
8A0,2/5/16 4:35,35.6,24.8,64.46,350,11,0,30.34,10,27.02
4A6,2/5/16 4:55,35.6,19.4,51.33,350,6,0,30.38,10,29.87
8A0,2/5/16 4:55,33.8,26.6,74.63,330,12,0,30.34,10,24.29
8A0,2/5/16 5:15,33.8,26.6,74.63,350,9,0,30.34,10,25.75
4A6,2/5/16 5:15,35.6,19.4,51.33,350,6,0,30.38,10,29.87
8A0,2/5/16 5:35,33.8,26.6,74.63,360,8,0,30.34,10,26.33
4A6,2/5/16 5:35,33.8,19.4,55.14,360,5,0,30.38,10,28.53
8A0,2/5/16 5:55,33.8,26.6,74.63,340,7,0,30.35,10,26.97
4A6,2/5/16 5:55,33.8,19.4,55.14,10,5,0,30.39,10,28.53
8A0,2/5/16 6:15,33.8,26.6,74.63,340,6,0,30.35,10,27.7
4A6,2/5/16 6:15,32,19.4,59.27,0,0,0,30.4,10,32
4A6,2/5/16 6:35,32,19.4,59.27,20,3,0,30.39,10,28.69
8A0,2/5/16 6:35,33.8,24.8,69.25,340,10,0,30.35,10,25.23
4A6,2/5/16 6:55,32,19.4,59.27,50,3,0,30.4,10,28.69
8A0,2/5/16 6:55,32,26.6,80.22,340,8,0,30.36,10,24.11
4A6,2/5/16 7:15,32,19.4,59.27,0,0,0,30.4,10,32
8A0,2/5/16 7:15,32,24.8,74.44,330,6,0,30.36,10,25.53
4A6,2/5/16 7:35,28.4,23,79.92,0,0,0,30.4,10,28.4
8A0,2/5/16 7:35,32,26.6,80.22,350,8,0,30.36,10,24.11
8A0,2/5/16 7:55,32,26.6,80.22,350,8,0,30.35,10,24.11
4A6,2/5/16 7:55,28.4,21.2,74.08,0,0,0,30.41,10,28.4
8A0,2/5/16 8:15,32,24.8,74.44,340,8,0,30.37,10,24.11
4A6,2/5/16 8:15,28.4,24.8,86.18,0,0,0,30.42,10,28.4
4A6,2/5/16 8:35,26.6,23,86.07,40,3,0,30.41,10,22.52
8A0,2/5/16 8:35,32,24.8,74.44,350,7,0,30.37,10,24.78
4A6,2/5/16 8:55,28.4,23,79.92,0,0,0,30.42,10,28.4
8A0,2/5/16 8:55,32,24.8,74.44,360,8,0,30.36,10,24.11
4A6,2/5/16 9:15,28.4,23,79.92,0,0,0,30.41,10,28.4
8A0,2/5/16 9:15,32,24.8,74.44,10,7,0,30.34,10,24.78
8A0,2/5/16 9:35,30.2,24.8,80.07,20,6,0,30.33,10,23.36
4A6,2/5/16 9:35,26.6,23,86.07,10,3,0,30.4,10,22.52
8A0,2/5/16 9:55,30.2,24.8,80.07,10,5,0,30.33,10,24.26
4A6,2/5/16 9:55,26.6,23,86.07,30,4,0,30.39,10,21.11
4A6,2/5/16 10:15,26.6,23,86.07,360,3,0,30.39,10,22.52
8A0,2/5/16 10:15,30.2,24.8,80.07,20,4,0,30.34,10,25.32
8A0,2/5/16 10:35,30.2,24.8,80.07,360,6,0,30.34,10,23.36
4A6,2/5/16 10:35,26.6,23,86.07,0,0,0,30.4,10,26.6
8A0,2/5/16 10:55,30.2,24.8,80.07,350,5,0,30.35,10,24.26
4A6,2/5/16 10:55,26.6,21.2,79.77,0,0,0,30.4,10,26.6
8A0,2/5/16 11:15,30.2,26.6,86.28,350,6,0,30.37,10,23.36
4A6,2/5/16 11:15,26.6,23,86.07,0,0,0,30.41,10,26.6
4A6,2/5/16 11:35,26.6,23,86.07,0,0,0,30.42,10,26.6
8A0,2/5/16 11:35,30.2,26.6,86.28,350,6,0,30.37,10,23.36
8A0,2/5/16 11:55,30.2,26.6,86.28,350,7,0,30.38,10,22.59
4A6,2/5/16 11:55,26.6,21.2,79.77,0,0,0,30.43,10,26.6
8A0,2/5/16 12:15,30.2,26.6,86.28,360,6,0,30.38,10,23.36
4A6,2/5/16 12:15,26.6,23,86.07,0,0,0,30.43,10,26.6
4A6,2/5/16 12:35,24.8,23,92.74,0,0,0,30.43,10,24.8
8A0,2/5/16 12:35,30.2,26.6,86.28,360,5,0,30.39,10,24.26
4A6,2/5/16 12:55,24.8,23,92.74,50,4,0,30.43,10,19.01
8A0,2/5/16 12:55,30.2,26.6,86.28,360,5,0,30.39,10,24.26
4A6,2/5/16 13:15,24.8,23,92.74,0,0,0,30.44,10,24.8
8A0,2/5/16 13:15,30.2,26.6,86.28,360,5,0,30.41,10,24.26
8A0,2/5/16 13:35,32,26.6,80.22,360,7,0,30.41,10,24.78
4A6,2/5/16 13:35,28.4,23,79.92,0,0,0,30.46,10,28.4
8A0,2/5/16 13:55,32,26.6,80.22,10,6,0,30.41,10,25.53
4A6,2/5/16 13:55,32,21.2,63.99,40,3,0,30.47,10,28.69
4A6,2/5/16 14:15,32,19.4,59.27,60,4,0,30.46,10,27.42
8A0,2/5/16 14:15,32,26.6,80.22,10,8,0,30.42,10,24.11
8A0,2/5/16 14:35,33.8,26.6,74.63,20,6,0,30.41,10,27.7
4A6,2/5/16 14:35,33.8,19.4,55.14,70,3,0,30.47,10,30.75
8A0,2/5/16 14:55,35.6,26.6,69.46,40,11,0,30.42,10,27.02
4A6,2/5/16 14:55,35.6,19.4,51.33,50,5,0,30.46,10,30.67
4A6,2/5/16 15:15,37.4,17.6,44.25,50,5,0,30.47,10,32.81
8A0,2/5/16 15:15,37.4,26.6,64.7,30,14,0,30.42,10,28.12
8A0,2/5/16 15:35,37.4,24.8,60.04,20,9,0,30.44,10,30.23
4A6,2/5/16 15:35,37.4,17.6,44.25,70,5,0,30.47,10,32.81
8A0,2/5/16 15:55,39.2,23,51.89,10,13,0,30.45,10,30.79
4A6,2/5/16 15:55,39.2,17.6,41.24,70,4,0,30.47,10,35.83
8A0,2/5/16 16:15,41,23,48.39,30,11,0,30.45,10,33.84
4A6,2/5/16 16:15,39.2,17.6,41.24,100,6,0,30.47,10,34.2
4A6,2/5/16 16:35,41,17.6,38.45,100,5,0,30.48,10,37.08
8A0,2/5/16 16:35,41,24.8,52.17,30,11,0,30.45,10,33.84
4A6,2/5/16 16:55,41,15.8,35.57,120,5,0,30.47,10,37.08
8A0,2/5/16 16:55,41,23,48.39,20,11,0,30.44,10,33.84
4A6,2/5/16 17:15,42.8,15.8,33.18,140,4,0,30.46,10,40.03
8A0,2/5/16 17:15,42.8,24.8,48.67,30,10,0,30.44,10,36.51
4A6,2/5/16 17:35,44.6,15.8,30.98,0,0,0,30.45,10,44.6
8A0,2/5/16 17:35,42.8,23,45.14,20,10,0,30.43,10,36.51
4A6,2/5/16 17:55,44.6,15.8,30.98,0,0,0,30.44,10,44.6
8A0,2/5/16 17:55,42.8,23,45.14,10,5,0,30.42,10,39.22
8A0,2/5/16 18:15,44.6,24.8,45.44,30,7,0,30.41,10,40.14
4A6,2/5/16 18:15,44.6,15.8,30.98,110,4,0,30.43,10,42.13
8A0,2/5/16 18:35,44.6,26.6,48.96,60,6,0,30.4,10,40.71
4A6,2/5/16 18:35,46.4,15.8,28.93,70,5,0,30.42,10,43.5
4A6,2/5/16 18:55,44.6,14,28.64,280,3,0,30.41,10,43.09
8A0,2/5/16 18:55,44.6,26.6,48.96,350,6,0,30.39,10,40.71
8A0,2/5/16 19:15,44.6,24.8,45.44,360,6,0,30.38,10,40.71
4A6,2/5/16 19:15,46.4,15.8,28.93,80,4,0,30.4,10,44.24
8A0,2/5/16 19:35,44.6,24.8,45.44,10,7,0,30.37,10,40.14
4A6,2/5/16 19:35,46.4,15.8,28.93,80,7,0,30.4,10,42.33
8A0,2/5/16 19:55,44.6,24.8,45.44,310,6,0,30.37,10,40.71
4A6,2/5/16 19:55,46.4,14,26.75,290,4,0,30.4,10,44.24
8A0,2/5/16 20:15,44.6,26.6,48.96,340,7,0,30.37,10,40.14
4A6,2/5/16 20:15,48.2,14,24.99,0,0,0,30.4,10,48.2
4A6,2/5/16 20:35,48.2,14,24.99,280,5,0,30.39,10,45.63
8A0,2/5/16 20:35,44.6,24.8,45.44,330,3,0,30.37,10,43.09
4A6,2/5/16 20:55,46.4,14,26.75,230,4,0,30.39,10,44.24
8A0,2/5/16 20:55,46.4,26.6,45.73,310,8,0,30.37,10,41.85
4A6,2/5/16 21:15,48.2,14,24.99,100,3,0,30.39,10,47.21
8A0,2/5/16 21:15,46.4,24.8,42.44,310,7,0,30.37,10,42.33
4A6,2/5/16 21:35,48.2,14,24.99,260,6,0,30.4,10,45.04
8A0,2/5/16 21:35,44.6,24.8,45.44,330,7,0,30.37,10,40.14
4A6,2/5/16 21:55,48.2,14,24.99,0,0,0,30.38,10,48.2
8A0,2/5/16 21:55,44.6,24.8,45.44,360,4,0,30.36,10,42.13
8A0,2/5/16 22:15,44.6,26.6,48.96,10,5,0,30.36,10,41.36
4A6,2/5/16 22:15,48.2,14,24.99,300,4,0,30.38,10,46.34
4A6,2/5/16 22:35,46.4,14,26.75,310,4,0,30.38,10,44.24
8A0,2/5/16 22:35,44.6,26.6,48.96,360,4,0,30.36,10,42.13
8A0,2/5/16 22:55,44.6,26.6,48.96,0,0,0,30.36,10,44.6
4A6,2/5/16 22:55,46.4,14,26.75,320,5,0,30.38,10,43.5
4A6,2/5/16 23:15,46.4,15.8,28.93,0,0,0,30.39,10,46.4
8A0,2/5/16 23:15,42.8,24.8,48.67,320,4,0,30.36,10,40.03
8A0,2/5/16 23:35,42.8,24.8,48.67,330,4,0,30.37,10,40.03
4A6,2/5/16 23:35,41,19.4,41.54,0,0,0,30.39,10,41
4A6,2/5/16 23:55,41,19.4,41.54,0,0,0,30.4,10,41
8A0,2/5/16 23:55,41,24.8,52.17,340,3,0,30.37,10,38.98
8A0,2/6/16 0:15,41,24.8,52.17,340,4,0,30.37,10,37.93
4A6,2/6/16 0:15,37.4,21.2,51.61,0,0,0,30.4,10,37.4
4A6,2/6/16 0:35,37.4,23,55.68,0,0,0,30.4,10,37.4
8A0,2/6/16 0:35,41,24.8,52.17,340,6,0,30.37,10,36.37
4A6,2/6/16 0:55,37.4,23,55.68,0,0,0,30.4,10,37.4
8A0,2/6/16 0:55,39.2,24.8,55.95,340,4,0,30.37,10,35.83
4A6,2/6/16 1:15,35.6,23,59.79,0,0,0,30.4,10,35.6
8A0,2/6/16 1:15,39.2,24.8,55.95,330,4,0,30.37,10,35.83
4A6,2/6/16 1:35,35.6,24.8,64.46,0,0,0,30.4,10,35.6
8A0,2/6/16 1:35,37.4,26.6,64.7,340,4,0,30.36,10,33.73
8A0,2/6/16 1:55,37.4,26.6,64.7,350,4,0,30.36,10,33.73
4A6,2/6/16 1:55,33.8,24.8,69.25,0,0,0,30.4,10,33.8
8A0,2/6/16 2:15,37.4,26.6,64.7,350,3,0,30.36,10,34.86
4A6,2/6/16 2:15,32,23,69.04,0,0,0,30.4,10,32
8A0,2/6/16 2:35,35.6,28.4,74.8,360,4,0,30.36,7,31.62
4A6,2/6/16 2:35,32,23,69.04,0,0,0,30.4,10,32
8A0,2/6/16 2:55,35.6,26.6,69.46,360,5,0,30.36,10,30.67
4A6,2/6/16 2:55,32,23,69.04,0,0,0,30.4,10,32
4A6,2/6/16 3:15,32,23,69.04,0,0,0,30.4,10,32
8A0,2/6/16 3:15,35.6,26.6,69.46,350,5,0,30.36,10,30.67
4A6,2/6/16 3:35,32,24.8,74.44,0,0,0,30.4,10,32
8A0,2/6/16 3:35,35.6,26.6,69.46,360,4,0,30.36,10,31.62
4A6,2/6/16 3:55,32,23,69.04,0,0,0,30.4,10,32
8A0,2/6/16 3:55,33.8,28.4,80.36,360,5,0,30.36,10,28.53
8A0,2/6/16 4:15,33.8,26.6,74.63,360,4,0,30.36,10,29.52
4A6,2/6/16 4:15,32,23,69.04,0,0,0,30.4,10,32
8A0,2/6/16 4:35,35.6,24.8,64.46,360,4,0,30.36,10,31.62
4A6,2/6/16 4:35,32,23,69.04,0,0,0,30.41,10,32
4A6,2/6/16 4:55,30.2,23,74.26,0,0,0,30.4,10,30.2
8A0,2/6/16 4:55,33.8,28.4,80.36,360,3,0,30.36,10,30.75
8A0,2/6/16 5:15,33.8,24.8,69.25,10,3,0,30.37,10,30.75
4A6,2/6/16 5:15,30.2,23,74.26,0,0,0,30.4,10,30.2
4A6,2/6/16 5:35,30.2,23,74.26,0,0,0,30.4,10,30.2
8A0,2/6/16 5:35,33.8,23,64.23,40,3,0,30.36,10,30.75
4A6,2/6/16 5:55,28.4,24.8,86.18,0,0,0,30.4,10,28.4
8A0,2/6/16 5:55,32,28.4,86.39,70,3,0,30.37,10,28.69
4A6,2/6/16 6:15,28.4,24.8,86.18,0,0,0,30.4,10,28.4
8A0,2/6/16 6:15,32,24.8,74.44,0,0,0,30.37,10,32
4A6,2/6/16 6:35,28.4,24.8,86.18,0,0,0,30.4,10,28.4
8A0,2/6/16 6:35,32,26.6,80.22,0,0,0,30.36,10,32
8A0,2/6/16 6:55,32,26.6,80.22,90,4,0,30.35,10,27.42
4A6,2/6/16 6:55,28.4,24.8,86.18,0,0,0,30.39,10,28.4
4A6,2/6/16 7:15,28.4,24.8,86.18,0,0,0,30.39,10,28.4
8A0,2/6/16 7:15,32,26.6,80.22,90,4,0,30.34,10,27.42
4A6,2/6/16 7:35,28.4,24.8,86.18,0,0,0,30.38,10,28.4
8A0,2/6/16 7:35,32,26.6,80.22,90,5,0,30.34,10,26.4
4A6,2/6/16 7:55,26.6,24.8,92.8,0,0,0,30.38,10,26.6
8A0,2/6/16 7:55,32,26.6,80.22,100,3,0,30.33,10,28.69
8A0,2/6/16 8:15,32,23,69.04,0,0,0,30.33,10,32
4A6,2/6/16 8:15,28.4,24.8,86.18,40,3,0,30.38,10,24.57
8A0,2/6/16 8:35,30.2,26.6,86.28,0,0,0,30.33,10,30.2
4A6,2/6/16 8:35,28.4,24.8,86.18,50,3,0,30.38,10,24.57
4A6,2/6/16 8:55,28.4,23,79.92,70,3,0,30.37,10,24.57
8A0,2/6/16 8:55,30.2,26.6,86.28,40,3,0,30.33,10,26.63
8A0,2/6/16 9:15,30.2,28.4,92.92,10,3,0,30.34,10,26.63
4A6,2/6/16 9:15,26.6,24.8,92.8,0,0,0,30.38,10,26.6
4A6,2/6/16 9:35,26.6,24.8,92.8,0,0,0,30.38,10,26.6
8A0,2/6/16 9:35,30.2,26.6,86.28,30,4,0,30.33,10,25.32
8A0,2/6/16 9:55,28.4,26.6,92.86,10,4,0,30.33,10,23.22
4A6,2/6/16 9:55,26.6,24.8,92.8,0,0,0,30.38,10,26.6
4A6,2/6/16 10:15,26.6,24.8,92.8,0,0,0,30.38,10,26.6
8A0,2/6/16 10:15,30.2,26.6,86.28,20,4,0,30.33,10,25.32
8A0,2/6/16 10:35,28.4,28.4,100,20,5,0,30.33,10,22.12
4A6,2/6/16 10:35,26.6,24.8,92.8,0,0,0,30.38,10,26.6
4A6,2/6/16 10:55,26.6,24.8,92.8,0,0,0,30.38,10,26.6
8A0,2/6/16 10:55,32,26.6,80.22,20,5,0,30.34,10,26.4
8A0,2/6/16 11:15,32,28.4,86.39,30,4,0,30.34,10,27.42
4A6,2/6/16 11:15,28.4,24.8,86.18,40,3,0,30.39,10,24.57
4A6,2/6/16 11:35,28.4,24.8,86.18,0,0,0,30.39,10,28.4
8A0,2/6/16 11:35,32,28.4,86.39,30,4,0,30.34,10,27.42
4A6,2/6/16 11:55,28.4,24.8,86.18,0,0,0,30.4,10,28.4
8A0,2/6/16 11:55,32,28.4,86.39,40,4,0,30.34,10,27.42
8A0,2/6/16 12:15,32,28.4,86.39,40,5,0,30.34,10,26.4
4A6,2/6/16 12:15,26.6,24.8,92.8,0,0,0,30.4,10,26.6
4A6,2/6/16 12:35,26.6,24.8,92.8,40,3,0,30.4,10,22.52
8A0,2/6/16 12:35,32,28.4,86.39,50,4,0,30.35,10,27.42
4A6,2/6/16 12:55,26.6,24.8,92.8,0,0,0,30.4,10,26.6
8A0,2/6/16 12:55,32,28.4,86.39,40,4,0,30.36,10,27.42
4A6,2/6/16 13:15,28.4,24.8,86.18,0,0,0,30.41,10,28.4
8A0,2/6/16 13:15,32,30.2,92.97,30,3,0,30.36,10,28.69
8A0,2/6/16 13:35,32,30.2,92.97,20,3,0,30.36,10,28.69
4A6,2/6/16 13:35,28.4,24.8,86.18,0,0,0,30.42,10,28.4
4A6,2/6/16 13:55,32,24.8,74.44,0,0,0,30.42,10,32
8A0,2/6/16 13:55,32,30.2,92.97,30,4,0,30.37,10,27.42
8A0,2/6/16 14:15,33.8,30.2,86.49,50,5,0,30.37,10,28.53
4A6,2/6/16 14:15,32,24.8,74.44,20,3,0,30.42,10,28.69
4A6,2/6/16 14:35,33.8,24.8,69.25,20,5,0,30.42,10,28.53
8A0,2/6/16 14:35,35.6,28.4,74.8,50,4,0,30.37,10,31.62
8A0,2/6/16 14:55,37.4,30.2,74.98,70,5,0,30.36,10,32.81
4A6,2/6/16 14:55,33.8,24.8,69.25,40,3,0,30.41,10,30.75
8A0,2/6/16 15:15,37.4,28.4,69.67,60,5,0,30.37,10,32.81
4A6,2/6/16 15:15,35.6,24.8,64.46,30,6,0,30.41,10,29.87
4A6,2/6/16 15:35,37.4,23,55.68,40,5,0,30.41,10,32.81
8A0,2/6/16 15:35,37.4,28.4,69.67,80,3,0,30.37,10,34.86
4A6,2/6/16 15:55,39.2,23,51.89,40,5,0,30.42,10,34.95
8A0,2/6/16 15:55,41,28.4,60.54,100,6,0,30.37,10,36.37
8A0,2/6/16 16:15,41,28.4,60.54,90,8,0,30.37,10,35.2
4A6,2/6/16 16:15,39.2,24.8,55.95,360,3,0,30.42,10,36.92
8A0,2/6/16 16:35,42.8,28.4,56.48,90,7,0,30.36,10,37.94
4A6,2/6/16 16:35,41,24.8,52.17,360,4,0,30.41,10,37.93
4A6,2/6/16 16:55,41,19.4,41.54,40,6,0,30.4,10,36.37
8A0,2/6/16 16:55,42.8,28.4,56.48,100,3,0,30.36,10,41.03
8A0,2/6/16 17:15,42.8,28.4,56.48,0,0,0,30.35,10,42.8
4A6,2/6/16 17:15,41,19.4,41.54,10,4,0,30.39,10,37.93
8A0,2/6/16 17:35,42.8,28.4,56.48,0,0,0,30.34,10,42.8
4A6,2/6/16 17:35,44.6,21.2,39.06,10,4,0,30.38,10,42.13
8A0,2/6/16 17:55,44.6,28.4,52.72,70,3,0,30.34,10,43.09
4A6,2/6/16 17:55,44.6,23,42.14,0,0,0,30.37,10,44.6
8A0,2/6/16 18:15,44.6,28.4,52.72,100,4,0,30.32,10,42.13
4A6,2/6/16 18:15,44.6,21.2,39.06,0,0,0,30.36,10,44.6
8A0,2/6/16 18:35,44.6,28.4,52.72,0,0,0,30.31,10,44.6
4A6,2/6/16 18:35,46.4,21.2,36.48,0,0,0,30.35,10,46.4
4A6,2/6/16 18:55,46.4,21.2,36.48,340,4,0,30.34,10,44.24
8A0,2/6/16 18:55,44.6,28.4,52.72,0,0,0,30.3,10,44.6
8A0,2/6/16 19:15,44.6,26.6,48.96,0,0,0,30.29,10,44.6
4A6,2/6/16 19:15,46.4,19.4,33.79,0,0,0,30.33,10,46.4
4A6,2/6/16 19:35,48.2,21.2,34.09,20,5,0,30.32,10,45.63
8A0,2/6/16 19:35,46.4,28.4,49.24,70,4,0,30.28,10,44.24
8A0,2/6/16 19:55,46.4,26.6,45.73,40,3,0,30.28,10,45.15
4A6,2/6/16 19:55,46.4,19.4,33.79,300,3,0,30.32,10,45.15
8A0,2/6/16 20:15,46.4,26.6,45.73,40,6,0,30.27,10,42.87
4A6,2/6/16 20:15,46.4,19.4,33.79,310,5,0,30.31,10,43.5
4A6,2/6/16 20:35,48.2,19.4,31.57,30,6,0,30.31,10,45.04
8A0,2/6/16 20:35,46.4,28.4,49.24,20,6,0,30.27,10,42.87
8A0,2/6/16 20:55,46.4,26.6,45.73,20,4,0,30.26,10,44.24
4A6,2/6/16 20:55,48.2,15.8,27.04,50,5,0,30.3,10,45.63
4A6,2/6/16 21:15,48.2,15.8,27.04,60,4,0,30.3,10,46.34
8A0,2/6/16 21:15,46.4,26.6,45.73,20,3,0,30.26,10,45.15
4A6,2/6/16 21:35,48.2,15.8,27.04,30,7,0,30.29,10,44.53
8A0,2/6/16 21:35,46.4,30.2,53,360,6,0,30.26,10,42.87
8A0,2/6/16 21:55,46.4,30.2,53,10,6,0,30.26,10,42.87
4A6,2/6/16 21:55,48.2,15.8,27.04,360,5,0,30.3,10,45.63
4A6,2/6/16 22:15,48.2,15.8,27.04,360,4,0,30.3,10,46.34
8A0,2/6/16 22:15,46.4,30.2,53,360,6,0,30.26,10,42.87
4A6,2/6/16 22:35,46.4,14,26.75,10,6,0,30.29,10,42.87
8A0,2/6/16 22:35,44.6,28.4,52.72,360,7,0,30.26,10,40.14
8A0,2/6/16 22:55,42.8,28.4,56.48,20,6,0,30.26,10,38.54
4A6,2/6/16 22:55,46.4,15.8,28.93,10,4,0,30.29,10,44.24
8A0,2/6/16 23:15,42.8,28.4,56.48,20,5,0,30.26,10,39.22
4A6,2/6/16 23:15,46.4,15.8,28.93,0,0,0,30.29,10,46.4
4A6,2/6/16 23:35,44.6,17.6,33.49,40,4,0,30.28,10,42.13
8A0,2/6/16 23:35,42.8,26.6,52.45,10,3,0,30.26,10,41.03
4A6,2/6/16 23:55,41,23,48.39,0,0,0,30.28,10,41
8A0,2/6/16 23:55,41,26.6,56.22,0,0,0,30.25,10,41
8A0,2/7/16 0:15,41,26.6,56.22,0,0,0,30.25,10,41
4A6,2/7/16 0:15,39.2,21.2,48.1,0,0,0,30.28,10,39.2
4A6,2/7/16 0:35,39.2,23,51.89,0,0,0,30.29,10,39.2
8A0,2/7/16 0:35,37.4,28.4,69.67,10,3,0,30.25,10,34.86
4A6,2/7/16 0:55,37.4,24.8,60.04,0,0,0,30.28,10,37.4
8A0,2/7/16 0:55,35.6,30.2,80.51,350,4,0,30.25,10,31.62
4A6,2/7/16 1:15,35.6,23,59.79,0,0,0,30.29,10,35.6
8A0,2/7/16 1:15,37.4,26.6,64.7,340,5,0,30.26,10,32.81
4A6,2/7/16 1:35,35.6,24.8,64.46,0,0,0,30.29,10,35.6
8A0,2/7/16 1:35,37.4,26.6,64.7,340,4,0,30.25,10,33.73
8A0,2/7/16 1:55,35.6,28.4,74.8,350,5,0,30.26,10,30.67
4A6,2/7/16 1:55,35.6,24.8,64.46,0,0,0,30.29,10,35.6
8A0,2/7/16 2:15,37.4,26.6,64.7,350,4,0,30.26,10,33.73
4A6,2/7/16 2:15,33.8,24.8,69.25,0,0,0,30.29,10,33.8
4A6,2/7/16 2:35,33.8,24.8,69.25,0,0,0,30.29,10,33.8
8A0,2/7/16 2:35,37.4,26.6,64.7,340,4,0,30.26,10,33.73
4A6,2/7/16 2:55,33.8,24.8,69.25,0,0,0,30.29,10,33.8
8A0,2/7/16 2:55,37.4,26.6,64.7,330,4,0,30.26,10,33.73
4A6,2/7/16 3:15,33.8,24.8,69.25,0,0,0,30.29,10,33.8
8A0,2/7/16 3:15,35.6,26.6,69.46,350,3,0,30.26,10,32.8
8A0,2/7/16 3:35,35.6,26.6,69.46,340,3,0,30.26,10,32.8
4A6,2/7/16 3:35,33.8,24.8,69.25,0,0,0,30.29,10,33.8
4A6,2/7/16 3:55,32,24.8,74.44,0,0,0,30.29,10,32
8A0,2/7/16 3:55,35.6,26.6,69.46,350,3,0,30.26,10,32.8
8A0,2/7/16 4:15,33.8,28.4,80.36,340,5,0,30.26,10,28.53
4A6,2/7/16 4:15,32,26.6,80.22,0,0,0,30.29,10,32
4A6,2/7/16 4:35,32,26.6,80.22,0,0,0,30.29,10,32
8A0,2/7/16 4:35,33.8,28.4,80.36,340,5,0,30.25,10,28.53
8A0,2/7/16 4:55,35.6,26.6,69.46,340,6,0,30.25,10,29.87
4A6,2/7/16 4:55,32,26.6,80.22,0,0,0,30.28,10,32
4A6,2/7/16 5:15,32,26.6,80.22,0,0,0,30.27,10,32
8A0,2/7/16 5:15,35.6,28.4,74.8,350,6,0,30.24,10,29.87
8A0,2/7/16 5:35,35.6,28.4,74.8,350,4,0,30.24,10,31.62
4A6,2/7/16 5:35,30.2,26.6,86.28,0,0,0,30.26,10,30.2
4A6,2/7/16 5:55,30.2,26.6,86.28,0,0,0,30.27,10,30.2
8A0,2/7/16 5:55,35.6,28.4,74.8,340,5,0,30.23,10,30.67
4A6,2/7/16 6:15,30.2,24.8,80.07,0,0,0,30.26,10,30.2
8A0,2/7/16 6:15,35.6,28.4,74.8,350,4,0,30.23,10,31.62
8A0,2/7/16 6:35,35.6,28.4,74.8,350,3,0,30.22,10,32.8
4A6,2/7/16 6:35,28.4,26.6,92.86,0,0,0,30.26,10,28.4
8A0,2/7/16 6:55,33.8,28.4,80.36,340,4,0,30.21,10,29.52
4A6,2/7/16 6:55,28.4,26.6,92.86,0,0,0,30.25,10,28.4
8A0,2/7/16 7:15,35.6,28.4,74.8,0,0,0,30.21,10,35.6
4A6,2/7/16 7:15,28.4,26.6,92.86,0,0,0,30.25,10,28.4
4A6,2/7/16 7:35,28.4,26.6,92.86,0,0,0,30.24,10,28.4
8A0,2/7/16 7:35,33.8,28.4,80.36,340,3,0,30.2,10,30.75
8A0,2/7/16 7:55,33.8,28.4,80.36,0,0,0,30.19,10,33.8
4A6,2/7/16 7:55,28.4,26.6,92.86,0,0,0,30.24,10,28.4
8A0,2/7/16 8:15,33.8,28.4,80.36,350,3,0,30.19,10,30.75
4A6,2/7/16 8:15,28.4,26.6,92.86,0,0,0,30.23,10,28.4
8A0,2/7/16 8:35,33.8,28.4,80.36,350,3,0,30.18,10,30.75
4A6,2/7/16 8:35,28.4,26.6,92.86,0,0,0,30.23,10,28.4
8A0,2/7/16 8:55,32,30.2,92.97,0,0,0,30.19,10,32
4A6,2/7/16 8:55,28.4,26.6,92.86,0,0,0,30.22,10,28.4
4A6,2/7/16 9:15,26.6,26.6,100,0,0,0,30.22,10,26.6
8A0,2/7/16 9:15,32,28.4,86.39,340,5,0,30.18,10,26.4
8A0,2/7/16 9:35,32,30.2,92.97,330,4,0,30.18,10,27.42
4A6,2/7/16 9:35,26.6,24.8,92.8,0,0,0,30.22,10,26.6
8A0,2/7/16 9:55,32,30.2,92.97,340,5,0,30.18,10,26.4
4A6,2/7/16 9:55,26.6,26.6,100,0,0,0,30.22,10,26.6
8A0,2/7/16 10:15,32,30.2,92.97,0,0,0,30.18,10,32
4A6,2/7/16 10:15,26.6,26.6,100,0,0,0,30.21,10,26.6
4A6,2/7/16 10:35,26.6,24.8,92.8,0,0,0,30.21,10,26.6
8A0,2/7/16 10:35,30.2,30.2,100,0,0,0,30.17,10,30.2
8A0,2/7/16 10:55,30.2,28.4,92.92,0,0,0,30.17,10,30.2
4A6,2/7/16 10:55,26.6,24.8,92.8,0,0,0,30.21,10,26.6
8A0,2/7/16 11:15,30.2,30.2,100,330,3,0,30.18,10,26.63
4A6,2/7/16 11:15,26.6,24.8,92.8,0,0,0,30.22,10,26.6
8A0,2/7/16 11:35,30.2,30.2,100,330,3,0,30.19,10,26.63
4A6,2/7/16 11:35,26.6,24.8,92.8,0,0,0,30.23,10,26.6
8A0,2/7/16 11:55,30.2,30.2,100,0,0,0,30.19,10,30.2
4A6,2/7/16 11:55,26.6,24.8,92.8,0,0,0,30.24,10,26.6
8A0,2/7/16 12:15,30.2,28.4,92.92,0,0,0,30.2,10,30.2
4A6,2/7/16 12:15,24.8,24.8,100,0,0,0,30.24,10,24.8
8A0,2/7/16 12:35,30.2,28.4,92.92,0,0,0,30.2,10,30.2
4A6,2/7/16 12:35,24.8,24.8,100,0,0,0,30.25,10,24.8
8A0,2/7/16 12:55,30.2,28.4,92.92,0,0,0,30.21,10,30.2
4A6,2/7/16 12:55,26.6,24.8,92.8,0,0,0,30.25,10,26.6
8A0,2/7/16 13:15,30.2,28.4,92.92,0,0,0,30.21,10,30.2
4A6,2/7/16 13:15,26.6,24.8,92.8,0,0,0,30.25,10,26.6
4A6,2/7/16 13:35,28.4,26.6,92.86,0,0,0,30.25,10,28.4
8A0,2/7/16 13:35,32,30.2,92.97,0,0,0,30.21,10,32
4A6,2/7/16 13:55,30.2,26.6,86.28,0,0,0,30.25,10,30.2
8A0,2/7/16 13:55,32,28.4,86.39,0,0,0,30.22,10,32
4A6,2/7/16 14:15,32,28.4,86.39,0,0,0,30.25,10,32
8A0,2/7/16 14:15,33.8,30.2,86.49,0,0,0,30.22,10,33.8
8A0,2/7/16 14:35,37.4,32,80.65,0,0,0,30.22,10,37.4
4A6,2/7/16 14:35,35.6,28.4,74.8,0,0,0,30.25,10,35.6
4A6,2/7/16 14:55,37.4,30.2,74.98,0,0,0,30.25,10,37.4
8A0,2/7/16 14:55,42.8,32,65.38,340,4,0,30.22,10,40.03
8A0,2/7/16 15:15,42.8,30.2,60.79,350,9,0,30.22,10,36.94
4A6,2/7/16 15:15,39.2,32,75.16,0,0,0,30.24,10,39.2
8A0,2/7/16 15:35,44.6,32,61.03,350,6,0,30.21,10,40.71
4A6,2/7/16 15:35,41,30.2,65.16,0,0,0,30.24,10,41
8A0,2/7/16 15:55,46.4,32,57,350,7,0,30.21,10,42.33
4A6,2/7/16 15:55,44.6,30.2,56.74,200,3,0,30.24,10,43.09
8A0,2/7/16 16:15,46.4,32,57,340,9,0,30.21,10,41.42
4A6,2/7/16 16:15,44.6,28.4,52.72,0,0,0,30.23,10,44.6
8A0,2/7/16 16:35,46.4,30.2,53,310,8,0,30.21,10,41.85
4A6,2/7/16 16:35,48.2,28.4,46.02,160,4,0,30.21,10,46.34
4A6,2/7/16 16:55,48.2,28.4,46.02,160,4,0,30.21,10,46.34
8A0,2/7/16 16:55,46.4,32,57,330,6,0,30.19,10,42.87
4A6,2/7/16 17:15,50,26.6,39.95,200,3,0,30.2,10,49.27
8A0,2/7/16 17:15,48.2,30.2,49.53,340,5,0,30.18,10,45.63
8A0,2/7/16 17:35,50,30.2,46.31,350,7,0,30.16,10,46.72
4A6,2/7/16 17:35,51.8,26.6,37.38,70,3,0,30.17,10,51.8
4A6,2/7/16 17:55,51.8,24.8,34.69,10,3,0,30.15,10,51.8
8A0,2/7/16 17:55,50,32,49.81,10,4,0,30.14,10,48.44
4A6,2/7/16 18:15,53.6,24.8,32.46,60,3,0,30.13,10,53.6
8A0,2/7/16 18:15,50,30.2,46.31,0,0,0,30.12,10,50
8A0,2/7/16 18:35,50,30.2,46.31,350,3,0,30.11,10,49.27
4A6,2/7/16 18:35,53.6,24.8,32.46,250,3,0,30.11,10,53.6
4A6,2/7/16 18:55,53.6,24.8,32.46,0,0,0,30.1,10,53.6
8A0,2/7/16 18:55,51.8,30.2,43.32,0,0,0,30.09,10,51.8
8A0,2/7/16 19:15,51.8,32,46.59,0,0,0,30.08,10,51.8
4A6,2/7/16 19:15,53.6,23,30.11,210,7,0,30.09,10,53.6
8A0,2/7/16 19:35,51.8,30.2,43.32,220,3,0,30.06,10,51.8
4A6,2/7/16 19:35,55.4,21.2,26.13,190,4,0,30.08,10,55.4
4A6,2/7/16 19:55,53.6,19.4,25.85,0,0,0,30.06,10,53.6
8A0,2/7/16 19:55,53.6,32,43.61,270,6,0,30.04,10,53.6
4A6,2/7/16 20:15,55.4,21.2,26.13,300,6,0,30.05,10,55.4
8A0,2/7/16 20:15,51.8,30.2,43.32,310,6,0,30.03,10,51.8
8A0,2/7/16 20:35,53.6,30.2,40.54,270,5,0,30.03,10,53.6
4A6,2/7/16 20:35,55.4,19.4,24.21,260,5,0,30.04,10,55.4
4A6,2/7/16 20:55,55.4,19.4,24.21,230,7,0,30.04,10,55.4
8A0,2/7/16 20:55,53.6,30.2,40.54,320,7,0,30.02,10,53.6
8A0,2/7/16 21:15,53.6,30.2,40.54,260,7,0,30.02,10,53.6
4A6,2/7/16 21:15,55.4,19.4,24.21,230,9,0,30.03,10,55.4
4A6,2/7/16 21:35,53.6,19.4,25.85,280,5,0,30.03,10,53.6
8A0,2/7/16 21:35,53.6,30.2,40.54,290,7,0,30.02,10,53.6
8A0,2/7/16 21:55,53.6,32,43.61,270,10,0,30.02,10,53.6
4A6,2/7/16 21:55,55.4,19.4,24.21,250,9,0,30.03,10,55.4
4A6,2/7/16 22:15,53.6,19.4,25.85,240,9,0,30.03,10,53.6
8A0,2/7/16 22:15,53.6,32,43.61,260,8,0,30.02,10,53.6
4A6,2/7/16 22:35,53.6,19.4,25.85,240,7,0,30.02,10,53.6
8A0,2/7/16 22:35,51.8,30.2,43.32,250,8,0,30.01,10,51.8
8A0,2/7/16 22:55,51.8,30.2,43.32,260,7,0,30,10,51.8
4A6,2/7/16 22:55,53.6,21.2,27.91,240,5,0,30.01,10,53.6
8A0,2/7/16 23:15,50,30.2,46.31,250,5,0,30,10,47.77
4A6,2/7/16 23:15,50,23,34.39,270,3,0,30.01,10,49.27
4A6,2/7/16 23:35,46.4,24.8,42.44,0,0,0,30.01,10,46.4
8A0,2/7/16 23:35,50,30.2,46.31,250,4,0,29.99,10,48.44
8A0,2/7/16 23:55,48.2,30.2,49.53,240,4,0,29.99,10,46.34
4A6,2/7/16 23:55,44.6,26.6,48.96,0,0,0,30,10,44.6
8A0,2/8/16 0:15,46.4,30.2,53,260,5,0,30,10,43.5
4A6,2/8/16 0:15,44.6,26.6,48.96,0,0,0,30.01,10,44.6
4A6,2/8/16 0:35,42.8,26.6,52.45,0,0,0,30.01,10,42.8
8A0,2/8/16 0:35,46.4,30.2,53,240,5,0,30,10,43.5
8A0,2/8/16 0:55,46.4,30.2,53,260,7,0,30,10,42.33
4A6,2/8/16 0:55,41,26.6,56.22,0,0,0,30,10,41
8A0,2/8/16 1:15,44.6,30.2,56.74,240,6,0,30,10,40.71
4A6,2/8/16 1:15,39.2,28.4,64.93,0,0,0,30,8,39.2
8A0,2/8/16 1:35,44.6,28.4,52.72,240,6,0,29.99,10,40.71
4A6,2/8/16 1:35,39.2,26.6,60.29,230,4,0,30,9,35.83
4A6,2/8/16 1:55,39.2,28.4,64.93,200,3,0,29.99,10,36.92
8A0,2/8/16 1:55,44.6,28.4,52.72,250,7,0,29.99,10,40.14
8A0,2/8/16 2:15,44.6,28.4,52.72,240,7,0,29.99,10,40.14
4A6,2/8/16 2:15,37.4,28.4,69.67,0,0,0,30,10,37.4
4A6,2/8/16 2:35,37.4,28.4,69.67,230,3,0,29.99,10,34.86
8A0,2/8/16 2:35,44.6,28.4,52.72,240,5,0,29.98,10,41.36
8A0,2/8/16 2:55,44.6,28.4,52.72,240,5,0,29.97,10,41.36
4A6,2/8/16 2:55,37.4,28.4,69.67,230,4,0,29.99,9,33.73
8A0,2/8/16 3:15,42.8,28.4,56.48,240,5,0,29.98,10,39.22
4A6,2/8/16 3:15,41,28.4,60.54,220,4,0,29.99,10,37.93
4A6,2/8/16 3:35,39.2,28.4,64.93,220,4,0,29.99,10,35.83
8A0,2/8/16 3:35,42.8,28.4,56.48,250,6,0,29.98,10,38.54
4A6,2/8/16 3:55,41,28.4,60.54,230,4,0,29.99,10,37.93
8A0,2/8/16 3:55,42.8,28.4,56.48,230,5,0,29.98,10,39.22
4A6,2/8/16 4:15,39.2,28.4,64.93,220,3,0,29.98,10,36.92
8A0,2/8/16 4:15,42.8,28.4,56.48,240,6,0,29.97,10,38.54
8A0,2/8/16 4:35,41,28.4,60.54,210,4,0,29.97,10,37.93
4A6,2/8/16 4:35,39.2,28.4,64.93,230,5,0,29.98,10,34.95
8A0,2/8/16 4:55,39.2,28.4,64.93,200,4,0,29.97,10,35.83
4A6,2/8/16 4:55,39.2,28.4,64.93,230,6,0,29.97,10,34.2
4A6,2/8/16 5:15,39.2,30.2,69.88,230,7,0,29.97,10,33.56
8A0,2/8/16 5:15,39.2,28.4,64.93,210,5,0,29.97,10,34.95
8A0,2/8/16 5:35,39.2,28.4,64.93,210,6,0,29.96,10,34.2
4A6,2/8/16 5:35,39.2,30.2,69.88,220,5,0,29.96,10,34.95
4A6,2/8/16 5:55,39.2,28.4,64.93,240,6,0,29.95,10,34.2
8A0,2/8/16 5:55,39.2,28.4,64.93,220,5,0,29.95,10,34.95
4A6,2/8/16 6:15,37.4,28.4,69.67,230,6,0,29.94,10,32.03
8A0,2/8/16 6:15,37.4,28.4,69.67,220,6,0,29.94,10,32.03
8A0,2/8/16 6:35,37.4,30.2,74.98,210,5,0,29.93,10,32.81
4A6,2/8/16 6:35,39.2,26.6,60.29,220,7,0,29.94,10,33.56
8A0,2/8/16 6:55,37.4,30.2,74.98,210,6,0,29.92,10,32.03
4A6,2/8/16 6:55,39.2,26.6,60.29,210,6,0,29.93,10,34.2
4A6,2/8/16 7:15,41,26.6,56.22,220,6,0,29.92,10,36.37
8A0,2/8/16 7:15,37.4,30.2,74.98,210,6,0,29.91,10,32.03
8A0,2/8/16 7:35,37.4,30.2,74.98,210,6,0,29.9,10,32.03
4A6,2/8/16 7:35,41,26.6,56.22,220,5,0,29.9,10,37.08
8A0,2/8/16 7:55,37.4,30.2,74.98,210,5,0,29.89,10,32.81
4A6,2/8/16 7:55,41,26.6,56.22,230,5,0,29.89,10,37.08
4A6,2/8/16 8:15,39.2,26.6,60.29,220,6,0,29.88,10,34.2
8A0,2/8/16 8:15,37.4,32,80.65,210,4,0,29.87,10,33.73
4A6,2/8/16 8:35,41,26.6,56.22,230,7,0,29.87,10,35.75
8A0,2/8/16 8:35,37.4,32,80.65,220,5,0,29.86,10,32.81
4A6,2/8/16 8:55,41,26.6,56.22,230,6,0,29.86,10,36.37
8A0,2/8/16 8:55,39.2,32,75.16,230,5,0,29.86,10,34.95
4A6,2/8/16 9:15,39.2,28.4,64.93,230,6,0,29.86,10,34.2
8A0,2/8/16 9:15,37.4,32,80.65,230,4,0,29.85,10,33.73
8A0,2/8/16 9:35,37.4,32,80.65,260,7,0,29.85,10,31.36
4A6,2/8/16 9:35,41,28.4,60.54,0,0,0,29.85,10,41
4A6,2/8/16 9:55,39.2,30.2,69.88,240,3,0,29.86,10,36.92
8A0,2/8/16 9:55,41,32,70.08,260,9,0,29.85,10,34.7
8A0,2/8/16 10:15,41,32,70.08,270,8,0,29.84,10,35.2
4A6,2/8/16 10:15,39.2,28.4,64.93,220,3,0,29.86,10,36.92
8A0,2/8/16 10:35,41,32,70.08,270,7,0,29.84,10,35.75
4A6,2/8/16 10:35,39.2,30.2,69.88,230,3,0,29.86,10,36.92
8A0,2/8/16 10:55,41,33.8,75.33,270,8,0,29.84,10,35.2
4A6,2/8/16 10:55,39.2,30.2,69.88,0,0,0,29.85,10,39.2
8A0,2/8/16 11:15,41,33.8,75.33,270,8,0,29.84,10,35.2
4A6,2/8/16 11:15,39.2,32,75.16,240,3,0,29.85,10,36.92
8A0,2/8/16 11:35,41,33.8,75.33,260,7,0,29.85,10,35.75
4A6,2/8/16 11:35,41,32,70.08,240,5,0,29.84,10,37.08
4A6,2/8/16 11:55,41,32,70.08,320,4,0,29.85,10,37.93
8A0,2/8/16 11:55,39.2,33.8,80.79,270,6,0,29.85,10,34.2
8A0,2/8/16 12:15,41,33.8,75.33,260,6,0,29.85,10,36.37
4A6,2/8/16 12:15,41,32,70.08,230,7,0,29.84,10,35.75
4A6,2/8/16 12:35,42.8,32,65.38,250,3,0,29.83,10,41.03
8A0,2/8/16 12:35,41,33.8,75.33,270,8,0,29.85,10,35.2
8A0,2/8/16 12:55,41,33.8,75.33,200,6,0,29.82,10,36.37
4A6,2/8/16 12:55,41,32,70.08,250,7,0,29.83,10,35.75
8A0,2/8/16 13:15,41,33.8,75.33,220,5,0,29.82,10,37.08
4A6,2/8/16 13:15,41,30.2,65.16,240,7,0,29.82,10,35.75
8A0,2/8/16 13:35,41,33.8,75.33,250,6,0,29.81,10,36.37
4A6,2/8/16 13:35,42.8,30.2,60.79,250,6,0,29.83,10,38.54
8A0,2/8/16 13:55,42.8,33.8,70.28,250,8,0,29.82,10,37.42
4A6,2/8/16 13:55,44.6,32,61.03,240,6,0,29.82,10,40.71
8A0,2/8/16 14:15,42.8,33.8,70.28,250,6,0,29.82,10,38.54
4A6,2/8/16 14:15,46.4,30.2,53,250,8,0,29.82,10,41.85
4A6,2/8/16 14:35,46.4,28.4,49.24,260,7,0,29.82,10,42.33
8A0,2/8/16 14:35,42.8,33.8,70.28,260,10,0,29.82,10,36.51
4A6,2/8/16 14:55,46.4,26.6,45.73,300,9,0,29.83,10,41.42
8A0,2/8/16 14:55,44.6,32,61.03,270,13,0,29.83,10,37.71
8A0,2/8/16 15:15,44.6,32,61.03,280,9,0,29.83,10,39.18
4A6,2/8/16 15:15,48.2,24.8,39.66,260,17,0,29.83,10,41.3
8A0,2/8/16 15:35,46.4,32,57,270,8,0,29.82,10,41.85
4A6,2/8/16 15:35,48.2,23,36.78,270,13,0,29.83,10,42.32
8A0,2/8/16 15:55,46.4,30.2,53,290,17,0,29.83,10,38.94
4A6,2/8/16 15:55,48.2,24.8,39.66,310,9,0,29.83,10,43.66
8A0,2/8/16 16:15,46.4,30.2,53,270,14,0,29.83,10,39.72
4A6,2/8/16 16:15,48.2,23,36.78,290,10,0,29.83,10,43.28
8A0,2/8/16 16:35,46.4,30.2,53,260,16,0,29.83,10,39.19
4A6,2/8/16 16:35,48.2,21.2,34.09,260,13,0,29.82,10,42.32
8A0,2/8/16 16:55,46.4,30.2,53,280,13,0,29.82,10,40.02
4A6,2/8/16 16:55,48.2,21.2,34.09,250,14,0,29.82,10,42.04
4A6,2/8/16 17:15,48.2,23,36.78,280,17,0,29.81,10,41.3
8A0,2/8/16 17:15,46.4,30.2,53,270,16,0,29.82,10,39.19
4A6,2/8/16 17:35,48.2,21.2,34.09,250,14,0,29.81,10,42.04
8A0,2/8/16 17:35,46.4,30.2,53,270,14,0,29.8,10,39.72
4A6,2/8/16 17:55,48.2,23,36.78,270,12,0,29.81,10,42.62
8A0,2/8/16 17:55,46.4,28.4,49.24,270,19,0,29.81,10,38.48
8A0,2/8/16 18:15,48.2,30.2,49.53,260,18,0,29.8,10,41.07
4A6,2/8/16 18:15,48.2,19.4,31.57,260,15,0,29.81,10,41.78
4A6,2/8/16 18:35,46.4,23,39.36,270,14,0,29.8,10,39.72
8A0,2/8/16 18:35,48.2,30.2,49.53,280,21,0,29.79,10,40.46
8A0,2/8/16 18:55,46.4,28.4,49.24,290,20,0,29.79,10,38.26
4A6,2/8/16 18:55,44.6,23,42.14,300,10,0,29.81,10,38.77
4A6,2/8/16 19:15,44.6,23,42.14,290,9,0,29.81,10,39.18
8A0,2/8/16 19:15,44.6,30.2,56.74,300,15,0,29.8,10,37.11
8A0,2/8/16 19:35,44.6,30.2,56.74,300,14,0,29.8,10,37.4
4A6,2/8/16 19:35,44.6,21.2,39.06,300,9,0,29.82,10,39.18
8A0,2/8/16 19:55,44.6,30.2,56.74,300,11,0,29.8,10,38.39
4A6,2/8/16 19:55,44.6,21.2,39.06,270,15,0,29.82,10,37.11
8A0,2/8/16 20:15,44.6,30.2,56.74,290,13,0,29.8,10,37.71
4A6,2/8/16 20:15,44.6,21.2,39.06,280,7,0,29.81,10,40.14
4A6,2/8/16 20:35,44.6,19.4,36.18,320,8,0,29.81,10,39.63
8A0,2/8/16 20:35,44.6,30.2,56.74,280,13,0,29.8,10,37.71
8A0,2/8/16 20:55,44.6,30.2,56.74,280,11,0,29.8,10,38.39
4A6,2/8/16 20:55,44.6,19.4,36.18,290,6,0,29.82,10,40.71
4A6,2/8/16 21:15,44.6,19.4,36.18,260,15,0,29.82,10,37.11
8A0,2/8/16 21:15,42.8,30.2,60.79,290,11,0,29.81,10,36.11
4A6,2/8/16 21:35,42.8,21.2,41.84,270,8,0,29.83,10,37.42
8A0,2/8/16 21:35,42.8,30.2,60.79,290,11,0,29.81,10,36.11
4A6,2/8/16 21:55,42.8,23,45.14,270,11,0,29.83,10,36.11
8A0,2/8/16 21:55,42.8,32,65.38,290,11,0,29.82,10,36.11
8A0,2/8/16 22:15,42.8,32,65.38,290,10,0,29.82,10,36.51
4A6,2/8/16 22:15,41,24.8,52.17,270,13,0,29.84,10,33.1
4A6,2/8/16 22:35,41,24.8,52.17,290,9,0,29.84,10,34.7
8A0,2/8/16 22:35,42.8,32,65.38,290,16,0,29.82,10,34.5
8A0,2/8/16 22:55,41,30.2,65.16,290,11,0,29.83,10,33.84
4A6,2/8/16 22:55,41,26.6,56.22,290,10,0,29.85,10,34.25
4A6,2/8/16 23:15,41,24.8,52.17,300,11,0,29.86,10,33.84
8A0,2/8/16 23:15,39.2,32,75.16,300,13,0,29.84,10,30.79
8A0,2/8/16 23:35,37.4,30.2,74.98,290,14,0,29.85,10,28.12
4A6,2/8/16 23:35,37.4,28.4,69.67,320,6,0,29.88,8,32.03
4A6,2/8/16 23:55,39.2,24.8,55.95,310,11,0,29.89,10,31.57
8A0,2/8/16 23:55,37.4,30.2,74.98,300,13,0,29.86,10,28.49
8A0,2/9/16 0:15,37.4,28.4,69.67,300,14,0,29.87,10,28.12
4A6,2/9/16 0:15,39.2,23,51.89,300,9,0,29.89,10,32.47
8A0,2/9/16 0:35,37.4,28.4,69.67,290,16,0,29.87,10,27.46
4A6,2/9/16 0:35,39.2,21.2,48.1,280,7,0,29.89,10,33.56
8A0,2/9/16 0:55,37.4,26.6,64.7,280,12,0,29.87,10,28.87
4A6,2/9/16 0:55,39.2,19.4,44.55,290,8,0,29.89,10,32.98
4A6,2/9/16 1:15,39.2,19.4,44.55,270,13,0,29.89,10,30.79
8A0,2/9/16 1:15,37.4,26.6,64.7,300,6,0,29.87,10,32.03
8A0,2/9/16 1:35,37.4,28.4,69.67,290,10,0,29.87,10,29.74
4A6,2/9/16 1:35,39.2,19.4,44.55,290,12,0,29.89,10,31.17
8A0,2/9/16 1:55,37.4,28.4,69.67,280,12,0,29.87,10,28.87
4A6,2/9/16 1:55,37.4,19.4,47.8,300,10,0,29.89,10,29.74
4A6,2/9/16 2:15,37.4,21.2,51.61,310,7,0,29.89,10,31.36
8A0,2/9/16 2:15,37.4,28.4,69.67,290,10,0,29.87,10,29.74
8A0,2/9/16 2:35,35.6,28.4,74.8,280,11,0,29.87,10,27.02
4A6,2/9/16 2:35,37.4,21.2,51.61,320,8,0,29.89,10,30.76
4A6,2/9/16 2:55,37.4,23,55.68,290,6,0,29.89,10,32.03
8A0,2/9/16 2:55,35.6,28.4,74.8,280,11,0,29.87,10,27.02
8A0,2/9/16 3:15,35.6,28.4,74.8,290,7,0,29.87,10,29.17
4A6,2/9/16 3:15,37.4,23,55.68,310,6,0,29.89,10,32.03
4A6,2/9/16 3:35,35.6,23,59.79,330,6,0,29.89,10,29.87
8A0,2/9/16 3:35,35.6,30.2,80.51,300,12,0,29.87,10,26.58
8A0,2/9/16 3:55,35.6,30.2,80.51,300,10,0,29.86,10,27.48
4A6,2/9/16 3:55,35.6,24.8,64.46,280,10,0,29.9,8,27.48
8A0,2/9/16 4:15,35.6,30.2,80.51,290,11,0,29.86,10,27.02
4A6,2/9/16 4:15,35.6,23,59.79,300,6,0,29.89,10,29.87
8A0,2/9/16 4:35,33.8,30.2,86.49,320,14,0,29.86,10,23.48
4A6,2/9/16 4:35,35.6,21.2,55.41,290,11,0,29.88,10,27.02
4A6,2/9/16 4:55,35.6,21.2,55.41,300,10,0,29.88,10,27.48
8A0,2/9/16 4:55,33.8,32,93.03,320,11,0,29.86,10,24.74
4A6,2/9/16 5:15,33.8,21.2,59.53,290,7,0,29.88,10,26.97
8A0,2/9/16 5:15,33.8,30.2,86.49,300,9,0,29.86,10,25.75
8A0,2/9/16 5:35,33.8,30.2,86.49,290,11,0,29.86,10,24.74
4A6,2/9/16 5:35,33.8,21.2,59.53,290,9,0,29.88,10,25.75
4A6,2/9/16 5:55,33.8,23,64.23,290,4,0,29.87,10,29.52
8A0,2/9/16 5:55,33.8,30.2,86.49,290,10,0,29.85,10,25.23
8A0,2/9/16 6:15,32,30.2,92.97,280,10,0,29.84,10,22.97
4A6,2/9/16 6:15,33.8,23,64.23,280,6,0,29.86,10,27.7
4A6,2/9/16 6:35,33.8,21.2,59.53,310,5,0,29.86,10,28.53
8A0,2/9/16 6:35,32,30.2,92.97,300,12,0,29.84,10,22
4A6,2/9/16 6:55,33.8,21.2,59.53,290,7,0,29.86,10,26.97
8A0,2/9/16 6:55,32,28.4,86.39,300,12,0,29.84,10,22
8A0,2/9/16 7:15,32,30.2,92.97,280,9,0,29.83,10,23.51
4A6,2/9/16 7:15,32,21.2,63.99,300,8,0,29.85,10,24.11
8A0,2/9/16 7:35,32,28.4,86.39,290,10,0,29.83,10,22.97
4A6,2/9/16 7:35,32,21.2,63.99,300,7,0,29.85,10,24.78
4A6,2/9/16 7:55,32,21.2,63.99,280,6,0,29.85,10,25.53
8A0,2/9/16 7:55,32,28.4,86.39,290,9,0,29.82,10,23.51
8A0,2/9/16 8:15,32,26.6,80.22,290,14,0,29.82,10,21.16
4A6,2/9/16 8:15,32,21.2,63.99,300,6,0,29.85,10,25.53
4A6,2/9/16 8:35,32,21.2,63.99,300,7,0,29.84,10,24.78
8A0,2/9/16 8:35,32,26.6,80.22,290,8,0,29.82,10,24.11
8A0,2/9/16 8:55,32,26.6,80.22,290,11,0,29.82,10,22.47
4A6,2/9/16 8:55,32,23,69.04,350,6,0,29.84,10,25.53
4A6,2/9/16 9:15,32,21.2,63.99,350,6,0,29.84,10,25.53
8A0,2/9/16 9:15,32,26.6,80.22,300,12,0,29.82,10,22
4A6,2/9/16 9:35,32,21.2,63.99,330,3,0,29.85,10,28.69
8A0,2/9/16 9:35,32,26.6,80.22,280,10,0,29.83,10,22.97
8A0,2/9/16 9:55,32,26.6,80.22,280,6,0,29.83,10,25.53
4A6,2/9/16 9:55,32,21.2,63.99,330,4,0,29.86,10,27.42
8A0,2/9/16 10:15,32,26.6,80.22,290,9,0,29.83,10,23.51
4A6,2/9/16 10:15,32,23,69.04,340,5,0,29.86,10,26.4
8A0,2/9/16 10:35,32,26.6,80.22,290,10,0,29.83,10,22.97
4A6,2/9/16 10:35,32,23,69.04,300,5,0,29.86,10,26.4
4A6,2/9/16 10:55,32,21.2,63.99,300,4,0,29.86,10,27.42
8A0,2/9/16 10:55,32,26.6,80.22,280,8,0,29.83,10,24.11
8A0,2/9/16 11:15,32,26.6,80.22,280,10,0,29.83,10,22.97
4A6,2/9/16 11:15,32,21.2,63.99,340,5,0,29.87,10,26.4
8A0,2/9/16 11:35,32,26.6,80.22,270,11,0,29.84,10,22.47
4A6,2/9/16 11:35,32,21.2,63.99,330,3,0,29.87,10,28.69
4A6,2/9/16 11:55,32,21.2,63.99,340,4,0,29.87,10,27.42
8A0,2/9/16 11:55,32,26.6,80.22,280,10,0,29.85,10,22.97
4A6,2/9/16 12:15,32,23,69.04,300,3,0,29.88,10,28.69
8A0,2/9/16 12:15,32,24.8,74.44,270,14,0,29.85,10,21.16
4A6,2/9/16 12:35,32,23,69.04,300,3,0,29.88,5,28.69
8A0,2/9/16 12:35,32,24.8,74.44,270,7,0,29.85,10,24.78
8A0,2/9/16 12:55,32,24.8,74.44,270,9,0,29.85,10,23.51
4A6,2/9/16 12:55,30.2,23,74.26,0,0,0,29.88,6,30.2
4A6,2/9/16 13:15,30.2,24.8,80.07,290,5,0,29.89,2.5,24.26
8A0,2/9/16 13:15,32,26.6,80.22,280,12,0,29.86,3,22
4A6,2/9/16 13:35,28.4,26.6,92.86,290,3,0,29.89,0.5,24.57
8A0,2/9/16 13:35,30.2,26.6,86.28,280,10,0,29.86,7,20.71
4A6,2/9/16 13:55,28.4,26.6,92.86,290,3,0,29.89,1.25,24.57
8A0,2/9/16 13:55,30.2,28.4,92.92,280,12,0,29.86,7,19.71
4A6,2/9/16 14:15,28.4,26.6,92.86,300,4,0,29.9,0.75,23.22
8A0,2/9/16 14:15,30.2,28.4,92.92,280,10,0,29.87,4,20.71
4A6,2/9/16 14:35,28.4,26.6,92.86,300,4,0,29.9,2,23.22
8A0,2/9/16 14:35,30.2,28.4,92.92,300,9,0,29.87,7,21.28
8A0,2/9/16 14:55,30.2,28.4,92.92,280,15,0,29.88,5,18.45
4A6,2/9/16 14:55,28.4,24.8,86.18,310,4,0,29.9,1.25,23.22
4A6,2/9/16 15:15,30.2,26.6,86.28,300,3,0,29.91,3,26.63
8A0,2/9/16 15:15,30.2,28.4,92.92,280,13,0,29.88,5,19.26
4A6,2/9/16 15:35,30.2,24.8,80.07,300,6,0,29.91,8,23.36
8A0,2/9/16 15:35,30.2,28.4,92.92,280,14,0,29.88,4,18.84
8A0,2/9/16 15:55,30.2,28.4,92.92,280,10,0,29.89,5,20.71
4A6,2/9/16 15:55,30.2,24.8,80.07,290,8,0,29.91,5,21.9
8A0,2/9/16 16:15,30.2,30.2,100,290,11,0,29.89,1,20.19
4A6,2/9/16 16:15,30.2,24.8,80.07,290,6,0,29.91,6,23.36
8A0,2/9/16 16:35,30.2,28.4,92.92,290,9,0,29.89,5,21.28
4A6,2/9/16 16:35,30.2,24.8,80.07,260,5,0,29.91,8,24.26
8A0,2/9/16 16:55,30.2,26.6,86.28,290,11,0,29.89,10,20.19
4A6,2/9/16 16:55,32,24.8,74.44,250,12,0,29.91,10,22
8A0,2/9/16 17:15,32,26.6,80.22,300,12,0,29.89,10,22
4A6,2/9/16 17:15,32,23,69.04,300,9,0,29.91,7,23.51
4A6,2/9/16 17:35,28.4,23,79.92,290,9,0,29.92,3,19.04
8A0,2/9/16 17:35,32,26.6,80.22,280,13,0,29.89,10,21.57
4A6,2/9/16 17:55,32,23,69.04,300,8,0,29.91,10,24.11
8A0,2/9/16 17:55,30.2,26.6,86.28,340,12,0,29.89,2.5,19.71
8A0,2/9/16 18:15,30.2,30.2,100,320,8,0,29.89,3,21.9
4A6,2/9/16 18:15,32,19.4,59.27,290,9,0,29.9,10,23.51
4A6,2/9/16 18:35,32,17.6,54.87,320,9,0,29.9,10,23.51
8A0,2/9/16 18:35,30.2,28.4,92.92,300,10,0,29.88,10,20.71
4A6,2/9/16 18:55,32,17.6,54.87,300,12,0,29.9,10,22
8A0,2/9/16 18:55,30.2,28.4,92.92,320,7,0,29.88,10,22.59
8A0,2/9/16 19:15,30.2,26.6,86.28,290,10,0,29.88,10,20.71
4A6,2/9/16 19:15,32,17.6,54.87,300,13,0,29.91,10,21.57
4A6,2/9/16 19:35,30.2,17.6,59.01,310,9,0,29.92,10,21.28
8A0,2/9/16 19:35,30.2,26.6,86.28,280,12,0,29.89,10,19.71
8A0,2/9/16 19:55,30.2,24.8,80.07,290,13,0,29.89,10,19.26
4A6,2/9/16 19:55,30.2,17.6,59.01,290,8,0,29.93,10,21.9
4A6,2/9/16 20:15,30.2,17.6,59.01,300,9,0,29.93,10,21.28
8A0,2/9/16 20:15,30.2,26.6,86.28,320,8,0,29.9,10,21.9
4A6,2/9/16 20:35,30.2,17.6,59.01,290,12,0,29.94,10,19.71
8A0,2/9/16 20:35,32,26.6,80.22,330,12,0,29.9,7,22
4A6,2/9/16 20:55,30.2,17.6,59.01,300,9,0,29.95,10,21.28
8A0,2/9/16 20:55,30.2,26.6,86.28,330,10,0,29.91,10,20.71
8A0,2/9/16 21:15,30.2,28.4,92.92,330,8,0,29.92,10,21.9
4A6,2/9/16 21:15,30.2,17.6,59.01,300,6,0,29.96,10,23.36
4A6,2/9/16 21:35,30.2,15.8,54.59,300,6,0,29.97,10,23.36
8A0,2/9/16 21:35,30.2,26.6,86.28,310,6,0,29.93,10,23.36
4A6,2/9/16 21:55,30.2,15.8,54.59,350,8,0,29.98,10,21.9
8A0,2/9/16 21:55,30.2,26.6,86.28,330,11,0,29.94,10,20.19
8A0,2/9/16 22:15,30.2,30.2,100,320,8,0,29.95,1.5,21.9
4A6,2/9/16 22:15,30.2,15.8,54.59,320,9,0,29.99,10,21.28
8A0,2/9/16 22:35,30.2,28.4,92.92,320,7,0,29.95,10,22.59
4A6,2/9/16 22:35,30.2,14,50.47,320,7,0,29.99,10,22.59
8A0,2/9/16 22:55,30.2,26.6,86.28,340,9,0,29.96,10,21.28
4A6,2/9/16 22:55,28.4,15.8,58.75,330,11,0,30,10,17.92
4A6,2/9/16 23:15,28.4,15.8,58.75,330,8,0,30.02,10,19.68
8A0,2/9/16 23:15,28.4,26.6,92.86,320,12,0,29.98,10,17.42
4A6,2/9/16 23:35,28.4,17.6,63.51,10,6,0,30.03,10,21.19
8A0,2/9/16 23:35,28.4,26.6,92.86,320,9,0,29.99,10,19.04
8A0,2/9/16 23:55,28.4,26.6,92.86,340,7,0,30,10,20.39
4A6,2/9/16 23:55,28.4,19.4,68.61,320,8,0,30.04,10,19.68
4A6,2/10/16 0:15,28.4,21.2,74.08,330,6,0,30.05,3,21.19
8A0,2/10/16 0:15,28.4,24.8,86.18,310,8,0,30.01,10,19.68
4A6,2/10/16 0:35,26.6,23,86.07,340,3,0,30.06,8,22.52
8A0,2/10/16 0:35,28.4,23,79.92,320,9,0,30.01,10,19.04
4A6,2/10/16 0:55,26.6,21.2,79.77,300,3,0,30.06,9,22.52
8A0,2/10/16 0:55,28.4,23,79.92,320,9,0,30.02,10,19.04
4A6,2/10/16 1:15,26.6,19.4,73.89,300,4,0,30.06,9,21.11
8A0,2/10/16 1:15,28.4,24.8,86.18,340,9,0,30.02,10,19.04
8A0,2/10/16 1:35,26.6,26.6,100,320,13,0,30.03,10,14.65
4A6,2/10/16 1:35,26.6,17.6,68.4,300,3,0,30.07,10,22.52
4A6,2/10/16 1:55,26.6,17.6,68.4,300,3,0,30.07,10,22.52
8A0,2/10/16 1:55,26.6,23,86.07,320,7,0,30.03,10,18.2
4A6,2/10/16 2:15,26.6,17.6,68.4,300,7,0,30.08,10,18.2
8A0,2/10/16 2:15,26.6,23,86.07,310,7,0,30.04,10,18.2
8A0,2/10/16 2:35,26.6,23,86.07,320,7,0,30.04,10,18.2
4A6,2/10/16 2:35,26.6,15.8,63.27,310,6,0,30.08,10,19.03
4A6,2/10/16 2:55,26.6,15.8,63.27,290,3,0,30.08,10,22.52
8A0,2/10/16 2:55,26.6,23,86.07,320,7,0,30.04,10,18.2
4A6,2/10/16 3:15,26.6,17.6,68.4,280,6,0,30.09,4,19.03
8A0,2/10/16 3:15,26.6,23,86.07,320,8,0,30.05,10,17.46
8A0,2/10/16 3:35,26.6,23,86.07,330,10,0,30.05,10,16.2
4A6,2/10/16 3:35,26.6,17.6,68.4,290,7,0,30.09,10,18.2
4A6,2/10/16 3:55,26.6,14,58.49,330,9,0,30.09,10,16.8
8A0,2/10/16 3:55,26.6,23,86.07,320,10,0,30.05,10,16.2
8A0,2/10/16 4:15,26.6,23,86.07,310,11,0,30.06,10,15.64
4A6,2/10/16 4:15,26.6,14,58.49,320,8,0,30.1,10,17.46
4A6,2/10/16 4:35,26.6,14,58.49,320,13,0,30.1,10,14.65
8A0,2/10/16 4:35,26.6,21.2,79.77,330,11,0,30.06,10,15.64
4A6,2/10/16 4:55,24.8,14,63.03,320,8,0,30.11,9,15.24
8A0,2/10/16 4:55,26.6,21.2,79.77,310,11,0,30.06,10,15.64
4A6,2/10/16 5:15,24.8,14,63.03,330,6,0,30.1,10,16.86
8A0,2/10/16 5:15,26.6,19.4,73.89,320,13,0,30.06,10,14.65
4A6,2/10/16 5:35,24.8,10.4,53.75,340,10,0,30.1,10,13.94
8A0,2/10/16 5:35,26.6,17.6,68.4,310,13,0,30.06,10,14.65
8A0,2/10/16 5:55,26.6,19.4,73.89,340,12,0,30.07,10,15.13
4A6,2/10/16 5:55,24.8,15.8,68.18,340,8,0,30.11,7,15.24
8A0,2/10/16 6:15,24.8,17.6,73.7,320,11,0,30.07,10,13.37
4A6,2/10/16 6:15,23,14,67.96,340,5,0,30.1,10,15.71
8A0,2/10/16 6:35,24.8,17.6,73.7,330,8,0,30.08,10,15.24
4A6,2/10/16 6:35,23,14,67.96,320,4,0,30.11,10,16.91
8A0,2/10/16 6:55,24.8,17.6,73.7,330,6,0,30.07,10,16.86
4A6,2/10/16 6:55,23,14,67.96,350,5,0,30.11,10,15.71
8A0,2/10/16 7:15,23,17.6,79.47,330,6,0,30.07,10,14.69
4A6,2/10/16 7:15,24.8,12.2,58.22,0,0,0,30.1,10,24.8
8A0,2/10/16 7:35,23,17.6,79.47,300,4,0,30.07,10,16.91
4A6,2/10/16 7:35,23,12.2,62.78,0,0,0,30.1,10,23
4A6,2/10/16 7:55,24.8,12.2,58.22,0,0,0,30.1,10,24.8
8A0,2/10/16 7:55,23,17.6,79.47,270,4,0,30.07,10,16.91
8A0,2/10/16 8:15,23,17.6,79.47,280,5,0,30.07,10,15.71
4A6,2/10/16 8:15,23,12.2,62.78,0,0,0,30.1,10,23
4A6,2/10/16 8:35,23,12.2,62.78,0,0,0,30.11,10,23
8A0,2/10/16 8:35,21.2,17.6,85.74,270,4,0,30.08,10,14.81
8A0,2/10/16 8:55,21.2,17.6,85.74,270,3,0,30.08,10,16.34
4A6,2/10/16 8:55,23,14,67.96,280,3,0,30.11,10,18.4
4A6,2/10/16 9:15,23,14,67.96,270,3,0,30.12,10,18.4
8A0,2/10/16 9:15,21.2,19.4,92.63,270,5,0,30.09,10,13.57
8A0,2/10/16 9:35,21.2,19.4,92.63,250,4,0,30.09,10,14.81
4A6,2/10/16 9:35,23,14,67.96,270,3,0,30.12,10,18.4
8A0,2/10/16 9:55,21.2,19.4,92.63,260,3,0,30.09,10,16.34
4A6,2/10/16 9:55,23,14,67.96,240,3,0,30.13,10,18.4
8A0,2/10/16 10:15,21.2,19.4,92.63,250,3,0,30.09,10,16.34
4A6,2/10/16 10:15,23,14,67.96,240,4,0,30.12,10,16.91
4A6,2/10/16 10:35,23,14,67.96,270,3,0,30.13,10,18.4
8A0,2/10/16 10:35,21.2,19.4,92.63,260,3,0,30.09,10,16.34
8A0,2/10/16 10:55,19.4,19.4,100,250,5,0,30.1,10,11.43
4A6,2/10/16 10:55,23,14,67.96,270,3,0,30.14,10,18.4
8A0,2/10/16 11:15,19.4,19.4,100,250,4,0,30.11,10,12.71
4A6,2/10/16 11:15,23,14,67.96,260,5,0,30.15,10,15.71
4A6,2/10/16 11:35,23,14,67.96,260,5,0,30.15,10,15.71
8A0,2/10/16 11:35,19.4,19.4,100,240,5,0,30.12,10,11.43
8A0,2/10/16 11:55,19.4,19.4,100,250,4,0,30.12,10,12.71
4A6,2/10/16 11:55,23,14,67.96,280,6,0,30.15,10,14.69
8A0,2/10/16 12:15,19.4,19.4,100,240,5,0,30.12,10,11.43
4A6,2/10/16 12:15,23,14,67.96,290,4,0,30.15,10,16.91
4A6,2/10/16 12:35,23,14,67.96,270,3,0,30.16,10,18.4
8A0,2/10/16 12:35,19.4,19.4,100,250,3,0,30.12,10,14.28
8A0,2/10/16 12:55,19.4,19.4,100,240,3,0,30.13,10,14.28
4A6,2/10/16 12:55,23,14,67.96,0,0,0,30.17,10,23
8A0,2/10/16 13:15,19.4,19.4,100,250,5,0,30.14,10,11.43
4A6,2/10/16 13:15,23,14,67.96,240,3,0,30.18,10,18.4
4A6,2/10/16 13:35,23,14,67.96,270,5,0,30.18,10,15.71
8A0,2/10/16 13:35,21.2,19.4,92.63,260,5,0,30.15,10,13.57
4A6,2/10/16 13:55,23,14,67.96,260,6,0,30.18,10,14.69
8A0,2/10/16 13:55,21.2,21.2,100,260,7,0,30.16,10,11.61
8A0,2/10/16 14:15,23,21.2,92.69,280,10,0,30.15,10,11.68
4A6,2/10/16 14:15,24.8,12.2,58.22,300,6,0,30.18,10,16.86
8A0,2/10/16 14:35,24.8,19.4,79.62,300,10,0,30.16,10,13.94
4A6,2/10/16 14:35,26.6,10.4,49.88,300,11,0,30.19,10,15.64
4A6,2/10/16 14:55,24.8,8.6,49.59,310,8,0,30.19,10,15.24
8A0,2/10/16 14:55,26.6,19.4,73.89,280,8,0,30.17,10,17.46
8A0,2/10/16 15:15,24.8,19.4,79.62,290,9,0,30.17,10,14.56
4A6,2/10/16 15:15,26.6,10.4,49.88,290,8,0,30.2,10,17.46
8A0,2/10/16 15:35,24.8,17.6,73.7,300,8,0,30.18,10,15.24
4A6,2/10/16 15:35,26.6,8.6,46.02,270,7,0,30.2,10,18.2
4A6,2/10/16 15:55,26.6,8.6,46.02,310,7,0,30.21,10,18.2
8A0,2/10/16 15:55,26.6,19.4,73.89,290,11,0,30.18,10,15.64
4A6,2/10/16 16:15,26.6,10.4,49.88,300,7,0,30.21,10,18.2
8A0,2/10/16 16:15,28.4,19.4,68.61,260,17,0,30.18,10,15.36
4A6,2/10/16 16:35,28.4,10.4,46.32,260,8,0,30.21,10,19.68
8A0,2/10/16 16:35,28.4,17.6,63.51,280,11,0,30.18,10,17.92
8A0,2/10/16 16:55,28.4,17.6,63.51,280,7,0,30.18,10,20.39
4A6,2/10/16 16:55,28.4,10.4,46.32,290,9,0,30.2,10,19.04
4A6,2/10/16 17:15,30.2,10.4,43.04,270,8,0,30.2,10,21.9
8A0,2/10/16 17:15,28.4,17.6,63.51,280,8,0,30.18,10,19.68
8A0,2/10/16 17:35,30.2,17.6,59.01,290,11,0,30.18,10,20.19
4A6,2/10/16 17:35,30.2,8.6,39.7,290,10,0,30.21,10,20.71
8A0,2/10/16 17:55,30.2,17.6,59.01,290,12,0,30.17,10,19.71
4A6,2/10/16 17:55,32,8.6,36.91,310,10,0,30.2,10,22.97
4A6,2/10/16 18:15,32,8.6,36.91,300,8,0,30.19,10,24.11
8A0,2/10/16 18:15,32,17.6,54.87,270,10,0,30.16,10,22.97
8A0,2/10/16 18:35,32,17.6,54.87,270,10,0,30.16,10,22.97
4A6,2/10/16 18:35,32,8.6,36.91,280,7,0,30.18,10,24.78
8A0,2/10/16 18:55,32,17.6,54.87,280,11,0,30.16,10,22.47
4A6,2/10/16 18:55,32,8.6,36.91,310,11,0,30.18,10,22.47
8A0,2/10/16 19:15,32,17.6,54.87,290,7,0,30.15,10,24.78
4A6,2/10/16 19:15,32,8.6,36.91,290,7,0,30.18,10,24.78
8A0,2/10/16 19:35,32,17.6,54.87,270,12,0,30.15,10,22
4A6,2/10/16 19:35,32,8.6,36.91,250,12,0,30.17,10,22
8A0,2/10/16 19:55,32,15.8,50.75,280,14,0,30.14,10,21.16
4A6,2/10/16 19:55,32,6.8,34.03,250,14,0,30.16,10,21.16
8A0,2/10/16 20:15,33.8,15.8,47.22,270,10,0,30.13,10,25.23
4A6,2/10/16 20:15,32,8.6,36.91,270,9,0,30.16,10,23.51
8A0,2/10/16 20:35,33.8,15.8,47.22,270,13,0,30.13,10,23.87
4A6,2/10/16 20:35,32,6.8,34.03,280,9,0,30.16,10,23.51
4A6,2/10/16 20:55,32,6.8,34.03,280,6,0,30.15,10,25.53
8A0,2/10/16 20:55,33.8,14,43.65,290,8,0,30.12,10,26.33
4A6,2/10/16 21:15,32,6.8,34.03,280,7,0,30.16,10,24.78
8A0,2/10/16 21:15,33.8,14,43.65,310,10,0,30.13,10,25.23
4A6,2/10/16 21:35,32,6.8,34.03,260,9,0,30.17,10,23.51
8A0,2/10/16 21:35,33.8,14,43.65,290,9,0,30.12,10,25.75
8A0,2/10/16 21:55,33.8,14,43.65,300,9,0,30.13,10,25.75
4A6,2/10/16 21:55,32,6.8,34.03,260,9,0,30.17,10,23.51
8A0,2/10/16 22:15,33.8,14,43.65,300,7,0,30.13,10,26.97
4A6,2/10/16 22:15,32,6.8,34.03,290,9,0,30.17,10,23.51
8A0,2/10/16 22:35,33.8,14,43.65,320,4,0,30.13,10,29.52
4A6,2/10/16 22:35,32,8.6,36.91,270,6,0,30.16,10,25.53
8A0,2/10/16 22:55,33.8,14,43.65,310,5,0,30.13,10,28.53
4A6,2/10/16 22:55,32,10.4,40.01,250,8,0,30.16,10,24.11
4A6,2/10/16 23:15,32,14,46.92,270,5,0,30.17,10,26.4
8A0,2/10/16 23:15,32,14,46.92,320,4,0,30.12,10,27.42
8A0,2/10/16 23:35,32,14,46.92,310,4,0,30.12,10,27.42
4A6,2/10/16 23:35,32,14,46.92,280,4,0,30.17,10,27.42
8A0,2/10/16 23:55,32,14,46.92,0,0,0,30.13,10,32
4A6,2/10/16 23:55,32,14,46.92,0,0,0,30.18,10,32
8A0,2/11/16 0:15,32,15.8,50.75,0,0,0,30.12,10,32
4A6,2/11/16 0:15,32,14,46.92,0,0,0,30.18,10,32
4A6,2/11/16 0:35,32,14,46.92,0,0,0,30.18,10,32
8A0,2/11/16 0:35,32,17.6,54.87,330,5,0,30.14,10,26.4
8A0,2/11/16 0:55,32,15.8,50.75,350,3,0,30.14,10,28.69
4A6,2/11/16 0:55,32,14,46.92,360,4,0,30.19,10,27.42
8A0,2/11/16 1:15,30.2,19.4,63.75,10,3,0,30.14,10,26.63
4A6,2/11/16 1:15,32,14,46.92,0,0,0,30.2,10,32
8A0,2/11/16 1:35,30.2,19.4,63.75,10,4,0,30.15,10,25.32
4A6,2/11/16 1:35,32,14,46.92,30,3,0,30.19,10,28.69
8A0,2/11/16 1:55,30.2,19.4,63.75,360,4,0,30.15,10,25.32
4A6,2/11/16 1:55,32,14,46.92,0,0,0,30.2,10,32
8A0,2/11/16 2:15,30.2,19.4,63.75,10,4,0,30.16,10,25.32
4A6,2/11/16 2:15,30.2,14,50.47,0,0,0,30.2,10,30.2
4A6,2/11/16 2:35,30.2,15.8,54.59,0,0,0,30.2,10,30.2
8A0,2/11/16 2:35,28.4,19.4,68.61,30,4,0,30.16,10,23.22
4A6,2/11/16 2:55,30.2,15.8,54.59,0,0,0,30.2,10,30.2
8A0,2/11/16 2:55,30.2,19.4,63.75,40,3,0,30.15,10,26.63
8A0,2/11/16 3:15,28.4,17.6,63.51,50,3,0,30.16,10,24.57
4A6,2/11/16 3:15,32,15.8,50.75,0,0,0,30.2,10,32
4A6,2/11/16 3:35,30.2,15.8,54.59,0,0,0,30.2,10,30.2
8A0,2/11/16 3:35,28.4,19.4,68.61,70,3,0,30.16,10,24.57
4A6,2/11/16 3:55,32,15.8,50.75,0,0,0,30.2,10,32
8A0,2/11/16 3:55,28.4,19.4,68.61,90,3,0,30.16,10,24.57
8A0,2/11/16 4:15,28.4,19.4,68.61,0,0,0,30.17,10,28.4
4A6,2/11/16 4:15,32,15.8,50.75,0,0,0,30.2,10,32
4A6,2/11/16 4:35,32,15.8,50.75,0,0,0,30.2,10,32
8A0,2/11/16 4:35,28.4,19.4,68.61,0,0,0,30.17,10,28.4
8A0,2/11/16 4:55,28.4,19.4,68.61,0,0,0,30.16,10,28.4
4A6,2/11/16 4:55,32,15.8,50.75,0,0,0,30.2,10,32
4A6,2/11/16 5:15,32,17.6,54.87,0,0,0,30.19,10,32
8A0,2/11/16 5:15,26.6,19.4,73.89,0,0,0,30.16,10,26.6
8A0,2/11/16 5:35,24.8,21.2,85.96,80,3,0,30.14,10,20.46
4A6,2/11/16 5:35,32,17.6,54.87,0,0,0,30.19,10,32
4A6,2/11/16 5:55,32,15.8,50.75,0,0,0,30.18,10,32
8A0,2/11/16 5:55,26.6,19.4,73.89,100,4,0,30.13,10,21.11
8A0,2/11/16 6:15,26.6,19.4,73.89,100,3,0,30.13,10,22.52
4A6,2/11/16 6:15,32,15.8,50.75,0,0,0,30.18,10,32
4A6,2/11/16 6:35,32,17.6,54.87,0,0,0,30.18,10,32
8A0,2/11/16 6:35,26.6,21.2,79.77,100,4,0,30.13,10,21.11
4A6,2/11/16 6:55,30.2,17.6,59.01,0,0,0,30.18,10,30.2
8A0,2/11/16 6:55,26.6,21.2,79.77,90,3,0,30.13,10,22.52
4A6,2/11/16 7:15,28.4,19.4,68.61,0,0,0,30.17,10,28.4
8A0,2/11/16 7:15,26.6,21.2,79.77,100,3,0,30.13,10,22.52
8A0,2/11/16 7:35,26.6,21.2,79.77,100,4,0,30.12,10,21.11
4A6,2/11/16 7:35,28.4,19.4,68.61,0,0,0,30.17,10,28.4
8A0,2/11/16 7:55,26.6,21.2,79.77,100,4,0,30.12,10,21.11
4A6,2/11/16 7:55,26.6,19.4,73.89,0,0,0,30.16,10,26.6
8A0,2/11/16 8:15,26.6,21.2,79.77,120,3,0,30.12,10,22.52
4A6,2/11/16 8:15,26.6,19.4,73.89,0,0,0,30.16,10,26.6
8A0,2/11/16 8:35,26.6,21.2,79.77,120,3,0,30.12,10,22.52
4A6,2/11/16 8:35,26.6,19.4,73.89,0,0,0,30.16,10,26.6
8A0,2/11/16 8:55,26.6,21.2,79.77,110,3,0,30.12,10,22.52
4A6,2/11/16 8:55,26.6,19.4,73.89,0,0,0,30.16,10,26.6
4A6,2/11/16 9:15,26.6,19.4,73.89,0,0,0,30.16,10,26.6
8A0,2/11/16 9:15,26.6,21.2,79.77,110,3,0,30.12,10,22.52
8A0,2/11/16 9:35,26.6,19.4,73.89,110,3,0,30.12,10,22.52
4A6,2/11/16 9:35,24.8,19.4,79.62,0,0,0,30.17,10,24.8
4A6,2/11/16 9:55,24.8,19.4,79.62,0,0,0,30.17,10,24.8
8A0,2/11/16 9:55,26.6,19.4,73.89,110,4,0,30.12,10,21.11
4A6,2/11/16 10:15,24.8,19.4,79.62,0,0,0,30.17,10,24.8
8A0,2/11/16 10:15,26.6,19.4,73.89,100,5,0,30.12,10,19.98
4A6,2/11/16 10:35,24.8,19.4,79.62,0,0,0,30.18,10,24.8
8A0,2/11/16 10:35,26.6,19.4,73.89,90,5,0,30.11,10,19.98
4A6,2/11/16 10:55,24.8,19.4,79.62,0,0,0,30.18,10,24.8
8A0,2/11/16 10:55,26.6,19.4,73.89,90,4,0,30.11,10,21.11
8A0,2/11/16 11:15,26.6,19.4,73.89,90,4,0,30.12,10,21.11
4A6,2/11/16 11:15,23,19.4,85.85,0,0,0,30.18,10,23
4A6,2/11/16 11:35,23,21.2,92.69,0,0,0,30.18,10,23
8A0,2/11/16 11:35,26.6,19.4,73.89,90,4,0,30.12,10,21.11
4A6,2/11/16 11:55,23,21.2,92.69,0,0,0,30.19,10,23
8A0,2/11/16 11:55,26.6,19.4,73.89,90,4,0,30.13,10,21.11
4A6,2/11/16 12:15,24.8,21.2,85.96,0,0,0,30.19,10,24.8
8A0,2/11/16 12:15,26.6,19.4,73.89,70,3,0,30.14,10,22.52
8A0,2/11/16 12:35,26.6,19.4,73.89,80,4,0,30.14,10,21.11
4A6,2/11/16 12:35,24.8,21.2,85.96,0,0,0,30.2,10,24.8
4A6,2/11/16 12:55,23,21.2,92.69,0,0,0,30.2,10,23
8A0,2/11/16 12:55,26.6,19.4,73.89,80,4,0,30.14,10,21.11
8A0,2/11/16 13:15,28.4,21.2,74.08,70,4,0,30.14,10,23.22
4A6,2/11/16 13:15,24.8,23,92.74,0,0,0,30.21,10,24.8
4A6,2/11/16 13:35,26.6,21.2,79.77,40,4,0,30.21,10,21.11
8A0,2/11/16 13:35,30.2,21.2,68.83,80,5,0,30.14,10,24.26
4A6,2/11/16 13:55,30.2,23,74.26,30,7,0,30.22,10,22.59
8A0,2/11/16 13:55,32,23,69.04,90,5,0,30.15,10,26.4
4A6,2/11/16 14:15,32,19.4,59.27,60,9,0,30.23,10,23.51
8A0,2/11/16 14:15,32,23,69.04,100,4,0,30.16,10,27.42
8A0,2/11/16 14:35,33.8,23,64.23,80,4,0,30.16,10,29.52
4A6,2/11/16 14:35,32,19.4,59.27,40,6,0,30.23,10,25.53
8A0,2/11/16 14:55,35.6,24.8,64.46,70,6,0,30.17,10,29.87
4A6,2/11/16 14:55,32,17.6,54.87,60,6,0,30.23,10,25.53
4A6,2/11/16 15:15,35.6,19.4,51.33,50,5,0,30.23,10,30.67
8A0,2/11/16 15:15,37.4,26.6,64.7,120,4,0,30.17,10,33.73
4A6,2/11/16 15:35,35.6,19.4,51.33,50,7,0,30.23,10,29.17
8A0,2/11/16 15:35,37.4,24.8,60.04,110,6,0,30.17,10,32.03
8A0,2/11/16 15:55,39.2,26.6,60.29,90,5,0,30.17,10,34.95
4A6,2/11/16 15:55,37.4,19.4,47.8,30,7,0,30.23,10,31.36
8A0,2/11/16 16:15,41,26.6,56.22,90,6,0,30.17,10,36.37
4A6,2/11/16 16:15,39.2,17.6,41.24,50,8,0,30.22,10,32.98
4A6,2/11/16 16:35,41,17.6,38.45,40,7,0,30.21,10,35.75
8A0,2/11/16 16:35,42.8,26.6,52.45,100,4,0,30.16,10,40.03
4A6,2/11/16 16:55,42.8,19.4,38.75,40,7,0,30.2,10,37.94
8A0,2/11/16 16:55,42.8,28.4,56.48,120,5,0,30.15,10,39.22
8A0,2/11/16 17:15,44.6,28.4,52.72,60,3,0,30.15,10,43.09
4A6,2/11/16 17:15,44.6,19.4,36.18,50,5,0,30.19,10,41.36
8A0,2/11/16 17:35,44.6,30.2,56.74,30,4,0,30.14,10,42.13
4A6,2/11/16 17:35,46.4,19.4,33.79,70,6,0,30.19,10,42.87
8A0,2/11/16 17:55,44.6,30.2,56.74,70,5,0,30.14,10,41.36
4A6,2/11/16 17:55,46.4,19.4,33.79,30,7,0,30.18,10,42.33
4A6,2/11/16 18:15,46.4,19.4,33.79,30,5,0,30.17,10,43.5
8A0,2/11/16 18:15,46.4,30.2,53,80,6,0,30.13,10,42.87
4A6,2/11/16 18:35,48.2,19.4,31.57,60,3,0,30.17,10,47.21
8A0,2/11/16 18:35,48.2,32,53.27,20,7,0,30.13,10,44.53
8A0,2/11/16 18:55,48.2,30.2,49.53,50,4,0,30.13,10,46.34
4A6,2/11/16 18:55,48.2,21.2,34.09,20,7,0,30.16,10,44.53
4A6,2/11/16 19:15,48.2,19.4,31.57,70,6,0,30.16,10,45.04
8A0,2/11/16 19:15,48.2,30.2,49.53,100,3,0,30.12,10,47.21
4A6,2/11/16 19:35,48.2,23,36.78,0,0,0,30.15,10,48.2
8A0,2/11/16 19:35,50,32,49.81,80,3,0,30.12,10,49.27
8A0,2/11/16 19:55,50,32,49.81,90,4,0,30.12,10,48.44
4A6,2/11/16 19:55,48.2,21.2,34.09,10,3,0,30.15,10,47.21
4A6,2/11/16 20:15,50,21.2,31.87,350,4,0,30.15,10,48.44
8A0,2/11/16 20:15,50,32,49.81,50,6,0,30.12,10,47.21
8A0,2/11/16 20:35,50,32,49.81,20,4,0,30.12,10,48.44
4A6,2/11/16 20:35,50,21.2,31.87,0,0,0,30.15,10,50
4A6,2/11/16 20:55,50,21.2,31.87,70,4,0,30.15,10,48.44
8A0,2/11/16 20:55,50,32,49.81,0,0,0,30.12,10,50
8A0,2/11/16 21:15,51.8,32,46.59,0,0,0,30.13,10,51.8
4A6,2/11/16 21:15,50,21.2,31.87,0,0,0,30.16,10,50
4A6,2/11/16 21:35,50,23,34.39,100,3,0,30.16,10,49.27
8A0,2/11/16 21:35,51.8,32,46.59,70,3,0,30.13,10,51.8
4A6,2/11/16 21:55,50,23,34.39,0,0,0,30.16,10,50
8A0,2/11/16 21:55,50,32,49.81,0,0,0,30.14,10,50
4A6,2/11/16 22:15,50,23,34.39,0,0,0,30.17,10,50
8A0,2/11/16 22:15,50,32,49.81,350,5,0,30.14,10,47.77
4A6,2/11/16 22:35,50,23,34.39,170,3,0,30.17,10,49.27
8A0,2/11/16 22:35,50,32,49.81,360,7,0,30.15,10,46.72
4A6,2/11/16 22:55,50,23,34.39,190,4,0,30.18,10,48.44
8A0,2/11/16 22:55,48.2,32,53.27,360,5,0,30.15,10,45.63
4A6,2/11/16 23:15,48.2,23,36.78,0,0,0,30.18,10,48.2
8A0,2/11/16 23:15,46.4,32,57,10,4,0,30.15,10,44.24
4A6,2/11/16 23:35,44.6,26.6,48.96,0,0,0,30.19,10,44.6
8A0,2/11/16 23:35,44.6,32,61.03,10,3,0,30.15,10,43.09
8A0,2/11/16 23:55,44.6,32,61.03,10,4,0,30.16,10,42.13
4A6,2/11/16 23:55,41,24.8,52.17,0,0,0,30.19,10,41
4A6,2/12/16 0:15,41,26.6,56.22,0,0,0,30.2,10,41
8A0,2/12/16 0:15,42.8,32,65.38,20,4,0,30.17,10,40.03
4A6,2/12/16 0:35,39.2,26.6,60.29,30,3,0,30.2,10,36.92
8A0,2/12/16 0:35,42.8,32,65.38,30,5,0,30.17,10,39.22
8A0,2/12/16 0:55,42.8,32,65.38,40,5,0,30.16,10,39.22
4A6,2/12/16 0:55,39.2,24.8,55.95,40,3,0,30.21,10,36.92
8A0,2/12/16 1:15,39.2,32,75.16,30,4,0,30.16,10,35.83
4A6,2/12/16 1:15,37.4,26.6,64.7,50,4,0,30.21,10,33.73
8A0,2/12/16 1:35,41,32,70.08,30,4,0,30.17,10,37.93
4A6,2/12/16 1:35,35.6,26.6,69.46,10,3,0,30.22,10,32.8
4A6,2/12/16 1:55,35.6,26.6,69.46,10,4,0,30.23,10,31.62
8A0,2/12/16 1:55,37.4,32,80.65,30,4,0,30.17,10,33.73
8A0,2/12/16 2:15,39.2,32,75.16,30,5,0,30.17,7,34.95
4A6,2/12/16 2:15,35.6,26.6,69.46,30,4,0,30.23,10,31.62
8A0,2/12/16 2:35,37.4,32,80.65,40,4,0,30.17,10,33.73
4A6,2/12/16 2:35,35.6,26.6,69.46,0,0,0,30.23,10,35.6
4A6,2/12/16 2:55,35.6,26.6,69.46,40,4,0,30.23,10,31.62
8A0,2/12/16 2:55,35.6,32,86.59,30,6,0,30.17,10,29.87
4A6,2/12/16 3:15,33.8,26.6,74.63,30,5,0,30.22,10,28.53
8A0,2/12/16 3:15,37.4,32,80.65,40,6,0,30.17,10,32.03
4A6,2/12/16 3:35,33.8,26.6,74.63,30,4,0,30.22,10,29.52
8A0,2/12/16 3:35,37.4,30.2,74.98,40,5,0,30.17,10,32.81
4A6,2/12/16 3:55,32,26.6,80.22,20,3,0,30.22,10,28.69
8A0,2/12/16 3:55,35.6,32,86.59,40,4,0,30.17,10,31.62
8A0,2/12/16 4:15,37.4,32,80.65,40,6,0,30.17,10,32.03
4A6,2/12/16 4:15,32,26.6,80.22,20,3,0,30.22,10,28.69
8A0,2/12/16 4:35,35.6,32,86.59,50,5,0,30.17,10,30.67
4A6,2/12/16 4:35,32,26.6,80.22,40,3,0,30.22,10,28.69
4A6,2/12/16 4:55,32,26.6,80.22,50,3,0,30.21,10,28.69
8A0,2/12/16 4:55,35.6,32,86.59,60,5,0,30.17,10,30.67
8A0,2/12/16 5:15,35.6,30.2,80.51,50,5,0,30.16,10,30.67
4A6,2/12/16 5:15,32,26.6,80.22,20,3,0,30.21,10,28.69
4A6,2/12/16 5:35,32,26.6,80.22,20,3,0,30.19,10,28.69
8A0,2/12/16 5:35,35.6,30.2,80.51,60,3,0,30.16,10,32.8
8A0,2/12/16 5:55,33.8,30.2,86.49,80,5,0,30.14,10,28.53
4A6,2/12/16 5:55,35.6,26.6,69.46,40,5,0,30.18,10,30.67
4A6,2/12/16 6:15,35.6,26.6,69.46,10,5,0,30.18,10,30.67
8A0,2/12/16 6:15,33.8,30.2,86.49,80,5,0,30.13,10,28.53
4A6,2/12/16 6:35,35.6,24.8,64.46,30,6,0,30.19,10,29.87
8A0,2/12/16 6:35,33.8,30.2,86.49,100,3,0,30.13,10,30.75
4A6,2/12/16 6:55,35.6,24.8,64.46,60,5,0,30.18,10,30.67
8A0,2/12/16 6:55,33.8,30.2,86.49,0,0,0,30.15,10,33.8
4A6,2/12/16 7:15,35.6,24.8,64.46,60,5,0,30.19,10,30.67
8A0,2/12/16 7:15,33.8,30.2,86.49,0,0,0,30.14,10,33.8
8A0,2/12/16 7:35,33.8,30.2,86.49,20,3,0,30.15,10,30.75
4A6,2/12/16 7:35,35.6,24.8,64.46,50,5,0,30.18,10,30.67
4A6,2/12/16 7:55,35.6,24.8,64.46,40,4,0,30.19,10,31.62
8A0,2/12/16 7:55,32,30.2,92.97,0,0,0,30.14,10,32
8A0,2/12/16 8:15,32,32,100,0,0,0,30.14,10,32
4A6,2/12/16 8:15,35.6,24.8,64.46,70,5,0,30.17,10,30.67
4A6,2/12/16 8:35,35.6,24.8,64.46,40,4,0,30.17,10,31.62
8A0,2/12/16 8:35,32,30.2,92.97,40,4,0,30.14,10,27.42
8A0,2/12/16 8:55,32,32,100,0,0,0,30.13,10,32
4A6,2/12/16 8:55,35.6,24.8,64.46,40,3,0,30.16,10,32.8
4A6,2/12/16 9:15,35.6,24.8,64.46,60,4,0,30.16,10,31.62
8A0,2/12/16 9:15,33.8,32,93.03,110,3,0,30.11,10,30.75
4A6,2/12/16 9:35,35.6,24.8,64.46,0,0,0,30.16,10,35.6
8A0,2/12/16 9:35,33.8,30.2,86.49,80,4,0,30.11,10,29.52
4A6,2/12/16 9:55,35.6,24.8,64.46,20,3,0,30.16,10,32.8
8A0,2/12/16 9:55,33.8,30.2,86.49,70,3,0,30.12,10,30.75
4A6,2/12/16 10:15,35.6,26.6,69.46,20,3,0,30.17,10,32.8
8A0,2/12/16 10:15,33.8,30.2,86.49,80,3,0,30.11,10,30.75
8A0,2/12/16 10:35,33.8,30.2,86.49,30,4,0,30.13,10,29.52
4A6,2/12/16 10:35,35.6,24.8,64.46,30,3,0,30.17,10,32.8
8A0,2/12/16 10:55,33.8,30.2,86.49,60,3,0,30.13,10,30.75
4A6,2/12/16 10:55,35.6,24.8,64.46,40,3,0,30.17,10,32.8
4A6,2/12/16 11:15,35.6,24.8,64.46,0,0,0,30.16,10,35.6
8A0,2/12/16 11:15,33.8,30.2,86.49,70,3,0,30.12,10,30.75
8A0,2/12/16 11:35,32,32,100,90,4,0,30.12,10,27.42
4A6,2/12/16 11:35,35.6,26.6,69.46,0,0,0,30.16,10,35.6
4A6,2/12/16 11:55,35.6,26.6,69.46,10,4,0,30.17,10,31.62
8A0,2/12/16 11:55,32,32,100,80,4,0,30.12,10,27.42
4A6,2/12/16 12:15,35.6,26.6,69.46,30,3,0,30.18,10,32.8
8A0,2/12/16 12:15,33.8,30.2,86.49,0,0,0,30.13,10,33.8
4A6,2/12/16 12:35,35.6,26.6,69.46,90,3,0,30.17,10,32.8
8A0,2/12/16 12:35,32,32,100,10,4,0,30.14,10,27.42
8A0,2/12/16 12:55,32,32,100,70,3,0,30.13,10,28.69
4A6,2/12/16 12:55,35.6,24.8,64.46,350,4,0,30.17,10,31.62
8A0,2/12/16 13:15,33.8,32,93.03,0,0,0,30.13,10,33.8
4A6,2/12/16 13:15,35.6,26.6,69.46,0,0,0,30.16,10,35.6
4A6,2/12/16 13:35,35.6,26.6,69.46,40,3,0,30.17,10,32.8
8A0,2/12/16 13:35,33.8,32,93.03,0,0,0,30.13,10,33.8
4A6,2/12/16 13:55,37.4,26.6,64.7,0,0,0,30.17,10,37.4
8A0,2/12/16 13:55,35.6,32,86.59,0,0,0,30.13,10,35.6
8A0,2/12/16 14:15,39.2,32,75.16,110,4,0,30.12,10,35.83
4A6,2/12/16 14:15,37.4,26.6,64.7,80,4,0,30.15,10,33.73
4A6,2/12/16 14:35,39.2,24.8,55.95,360,3,0,30.15,10,36.92
8A0,2/12/16 14:35,41,32,70.08,120,3,0,30.12,10,38.98
8A0,2/12/16 14:55,42.8,32,65.38,150,5,0,30.11,10,39.22
4A6,2/12/16 14:55,41,26.6,56.22,10,4,0,30.15,10,37.93
4A6,2/12/16 15:15,42.8,26.6,52.45,0,0,0,30.16,10,42.8
8A0,2/12/16 15:15,44.6,33.8,65.61,190,4,0,30.12,10,42.13
4A6,2/12/16 15:35,44.6,24.8,45.44,0,0,0,30.15,10,44.6
8A0,2/12/16 15:35,46.4,33.8,61.28,0,0,0,30.12,10,46.4
8A0,2/12/16 15:55,48.2,33.8,57.26,0,0,0,30.13,10,48.2
4A6,2/12/16 15:55,46.4,26.6,45.73,0,0,0,30.15,10,46.4
8A0,2/12/16 16:15,50,35.6,57.52,220,4,0,30.12,10,48.44
4A6,2/12/16 16:15,48.2,26.6,42.73,170,3,0,30.15,10,47.21
